{"mean":{"confidence_interval":{"confidence_level":0.95,"lower_bound":0.030319776014184438,"upper_bound":0.068590907445218},"point_estimate":0.04856067461603519,"standard_error":0.009773095113502763},"median":{"confidence_interval":{"confidence_level":0.95,"lower_bound":0.013117037838062154,"upper_bound":0.05804692699620029},"point_estimate":0.035518234488935985,"standard_error":0.010829341787138472}}