{"mean":{"confidence_interval":{"confidence_level":0.95,"lower_bound":-0.026761081627355413,"upper_bound":0.026181781155628837},"point_estimate":-0.0029949076952421327,"standard_error":0.01357651746811646},"median":{"confidence_interval":{"confidence_level":0.95,"lower_bound":-0.025214995797069668,"upper_bound":-0.003546998844704441},"point_estimate":-0.01423003369028053,"standard_error":0.005309643774190469}}