{"mean":{"confidence_interval":{"confidence_level":0.95,"lower_bound":56506.94279491587,"upper_bound":57252.381427991284},"point_estimate":56877.77422794587,"standard_error":190.60521333727013},"median":{"confidence_interval":{"confidence_level":0.95,"lower_bound":56553.14489827613,"upper_bound":57413.18162301417},"point_estimate":57139.42092457421,"standard_error":228.64136198588864},"median_abs_dev":{"confidence_interval":{"confidence_level":0.95,"lower_bound":725.3282775068535,"upper_bound":1595.7938942839187},"point_estimate":1088.4442542250852,"standard_error":227.29573364768197},"slope":{"confidence_interval":{"confidence_level":0.95,"lower_bound":56504.97683814716,"upper_bound":57057.801581890824},"point_estimate":56797.49071755608,"standard_error":140.17039222992258},"std_dev":{"confidence_interval":{"confidence_level":0.95,"lower_bound":1047.9344941332204,"upper_bound":1641.9007228711052},"point_estimate":1360.4477978193236,"standard_error":152.3137317896485}}