{"mean":{"confidence_interval":{"confidence_level":0.95,"lower_bound":0.020160161059426102,"upper_bound":0.11083648632544214},"point_estimate":0.06414694410631983,"standard_error":0.022813012328803478},"median":{"confidence_interval":{"confidence_level":0.95,"lower_bound":0.00367997416253979,"upper_bound":0.04556964708076472},"point_estimate":0.023534034889401756,"standard_error":0.010516524150758757}}