{"mean":{"confidence_interval":{"confidence_level":0.95,"lower_bound":-0.030842614711990173,"upper_bound":0.08241272904937356},"point_estimate":0.026041858301031784,"standard_error":0.028805212633092363},"median":{"confidence_interval":{"confidence_level":0.95,"lower_bound":-0.007713995705999288,"upper_bound":0.05621107839017059},"point_estimate":0.028526634972197096,"standard_error":0.016898926443974355}}