{"mean":{"confidence_interval":{"confidence_level":0.95,"lower_bound":-0.0922679282633621,"upper_bound":-0.024575215966669037},"point_estimate":-0.05933887117040204,"standard_error":0.017248332101864557},"median":{"confidence_interval":{"confidence_level":0.95,"lower_bound":-0.09104706708245658,"upper_bound":-0.030983819382529476},"point_estimate":-0.04998816884113377,"standard_error":0.0160639695348564}}