{"mean":{"confidence_interval":{"confidence_level":0.95,"lower_bound":-0.04036769805162081,"upper_bound":0.038459738844962295},"point_estimate":-0.0006751506080653336,"standard_error":0.020221469186060506},"median":{"confidence_interval":{"confidence_level":0.95,"lower_bound":-0.03903626028111695,"upper_bound":0.0463619387975458},"point_estimate":-0.018034477426743245,"standard_error":0.022007997570554716}}