{"mean":{"confidence_interval":{"confidence_level":0.95,"lower_bound":-0.05562486702695107,"upper_bound":-0.014874648889611253},"point_estimate":-0.03558410600801154,"standard_error":0.01038158228966733},"median":{"confidence_interval":{"confidence_level":0.95,"lower_bound":-0.05846608033037781,"upper_bound":-0.007269867106593386},"point_estimate":-0.03046233081156302,"standard_error":0.012944511593828294}}