{"mean":{"confidence_interval":{"confidence_level":0.95,"lower_bound":-0.0009055477952064364,"upper_bound":0.02717671453913693},"point_estimate":0.012817079672519327,"standard_error":0.007222039996455059},"median":{"confidence_interval":{"confidence_level":0.95,"lower_bound":-0.013702519850692263,"upper_bound":0.024726997989071187},"point_estimate":0.002840394210542385,"standard_error":0.009422130545768138}}