{"mean":{"confidence_interval":{"confidence_level":0.95,"lower_bound":-0.029726398614425057,"upper_bound":-0.0026621110217287624},"point_estimate":-0.016788308491919257,"standard_error":0.006967694753838073},"median":{"confidence_interval":{"confidence_level":0.95,"lower_bound":-0.0343009586672669,"upper_bound":-0.008924621250256615},"point_estimate":-0.022381170626349145,"standard_error":0.005993237622014725}}