{"mean":{"confidence_interval":{"confidence_level":0.95,"lower_bound":0.016777110236031532,"upper_bound":0.03330453721106506},"point_estimate":0.02534593041945299,"standard_error":0.004239141242504386},"median":{"confidence_interval":{"confidence_level":0.95,"lower_bound":0.012781940379146262,"upper_bound":0.03635555865503748},"point_estimate":0.031003716885993793,"standard_error":0.0058519070105853025}}