{"mean":{"confidence_interval":{"confidence_level":0.95,"lower_bound":-0.04300286587344008,"upper_bound":-0.02840330478375251},"point_estimate":-0.03573148358329947,"standard_error":0.0037949779131992815},"median":{"confidence_interval":{"confidence_level":0.95,"lower_bound":-0.046838755327955006,"upper_bound":-0.02535360176796775},"point_estimate":-0.04086123573067879,"standard_error":0.005507727679288745}}