{"mean":{"confidence_interval":{"confidence_level":0.95,"lower_bound":0.13665350146298624,"upper_bound":0.1894592343183902},"point_estimate":0.1598312346316526,"standard_error":0.013377951998870445},"median":{"confidence_interval":{"confidence_level":0.95,"lower_bound":0.10853394917492598,"upper_bound":0.16763925080009834},"point_estimate":0.13161220348733127,"standard_error":0.015313779171516488}}