{"mean":{"confidence_interval":{"confidence_level":0.95,"lower_bound":-0.06509127654429445,"upper_bound":-0.038591255353158375},"point_estimate":-0.051145104406813635,"standard_error":0.006786341325376044},"median":{"confidence_interval":{"confidence_level":0.95,"lower_bound":-0.07096594225108732,"upper_bound":-0.03524448899289345},"point_estimate":-0.055383521953848214,"standard_error":0.008962103629929217}}