{"mean":{"confidence_interval":{"confidence_level":0.95,"lower_bound":-0.03543668346338672,"upper_bound":0.06229952157002452},"point_estimate":0.019451906635138627,"standard_error":0.025669288812525892},"median":{"confidence_interval":{"confidence_level":0.95,"lower_bound":0.030143566121600074,"upper_bound":0.05703985701273795},"point_estimate":0.0386216967493862,"standard_error":0.0072253546883364415}}