{"mean":{"confidence_interval":{"confidence_level":0.95,"lower_bound":0.052576064831393064,"upper_bound":0.0858892469251703},"point_estimate":0.06847307004391778,"standard_error":0.008530090198484205},"median":{"confidence_interval":{"confidence_level":0.95,"lower_bound":0.06021413099521289,"upper_bound":0.0890012494397101},"point_estimate":0.07559225182241591,"standard_error":0.006789288547415309}}