{"mean":{"confidence_interval":{"confidence_level":0.95,"lower_bound":-0.028667818613523438,"upper_bound":0.01933483414306008},"point_estimate":-0.005157338633700936,"standard_error":0.01223418958120928},"median":{"confidence_interval":{"confidence_level":0.95,"lower_bound":-0.047850252194672996,"upper_bound":0.021600174253693538},"point_estimate":-0.006654890381358913,"standard_error":0.018791662906090384}}