{"mean":{"confidence_interval":{"confidence_level":0.95,"lower_bound":-0.09898978383037195,"upper_bound":-0.01307787587692677},"point_estimate":-0.05677549373869595,"standard_error":0.021908967305570362},"median":{"confidence_interval":{"confidence_level":0.95,"lower_bound":-0.10477433917960874,"upper_bound":0.00876100984829753},"point_estimate":-0.03346426965231508,"standard_error":0.029205348870374046}}