{"mean":{"confidence_interval":{"confidence_level":0.95,"lower_bound":0.2413008997539609,"upper_bound":0.4398997301906822},"point_estimate":0.33156579478951076,"standard_error":0.04954601639919866},"median":{"confidence_interval":{"confidence_level":0.95,"lower_bound":0.21908350633889007,"upper_bound":0.34649429549520305},"point_estimate":0.2838065261407443,"standard_error":0.03319407908779958}}