{"mean":{"confidence_interval":{"confidence_level":0.95,"lower_bound":-0.005740116171062369,"upper_bound":0.014209437073285116},"point_estimate":0.0050495613727017385,"standard_error":0.005074491522882998},"median":{"confidence_interval":{"confidence_level":0.95,"lower_bound":-0.004868138172311132,"upper_bound":0.014148697608698635},"point_estimate":0.005173734776998895,"standard_error":0.004674141037389581}}