{"mean":{"confidence_interval":{"confidence_level":0.95,"lower_bound":-0.014137889671301779,"upper_bound":0.02002638089657832},"point_estimate":0.0042247600978575495,"standard_error":0.008709620239965717},"median":{"confidence_interval":{"confidence_level":0.95,"lower_bound":-0.004218341976705897,"upper_bound":0.014111673671454154},"point_estimate":0.004516624405365377,"standard_error":0.00465782118527597}}