{"mean":{"confidence_interval":{"confidence_level":0.95,"lower_bound":-0.006887670382160076,"upper_bound":0.012378748097574582},"point_estimate":0.0028001427765280695,"standard_error":0.00489971108715499},"median":{"confidence_interval":{"confidence_level":0.95,"lower_bound":-0.0005671074185684688,"upper_bound":0.016159876746507207},"point_estimate":0.0063291875220163885,"standard_error":0.0044000512725414125}}