{"mean":{"confidence_interval":{"confidence_level":0.95,"lower_bound":-0.06293866774963755,"upper_bound":-0.02871092807161736},"point_estimate":-0.04468228534820218,"standard_error":0.008709831648097655},"median":{"confidence_interval":{"confidence_level":0.95,"lower_bound":-0.06306337417895036,"upper_bound":-0.03965032989134143},"point_estimate":-0.055554108952983405,"standard_error":0.006077291431264268}}