{"mean":{"confidence_interval":{"confidence_level":0.95,"lower_bound":0.018465882744860194,"upper_bound":0.04828546197221624},"point_estimate":0.03309319325416782,"standard_error":0.007579733601505052},"median":{"confidence_interval":{"confidence_level":0.95,"lower_bound":0.00929860499483759,"upper_bound":0.03885636186907826},"point_estimate":0.024266466670558318,"standard_error":0.008000304294534702}}