{"mean":{"confidence_interval":{"confidence_level":0.95,"lower_bound":0.01899252769171872,"upper_bound":0.12073228083551367},"point_estimate":0.06213486296030202,"standard_error":0.026347302597196982},"median":{"confidence_interval":{"confidence_level":0.95,"lower_bound":0.00963051449606378,"upper_bound":0.0233820821547297},"point_estimate":0.01422384936858534,"standard_error":0.00345639073932233}}