{"mean":{"confidence_interval":{"confidence_level":0.95,"lower_bound":-0.01595252909017239,"upper_bound":0.014303187414622467},"point_estimate":-0.0005172399789921123,"standard_error":0.007674426979864496},"median":{"confidence_interval":{"confidence_level":0.95,"lower_bound":-0.021258221695332424,"upper_bound":0.021118626907743687},"point_estimate":0.0059926241068311015,"standard_error":0.011244853830242246}}