{"mean":{"confidence_interval":{"confidence_level":0.95,"lower_bound":-0.023369797457592868,"upper_bound":-0.0037023549350142103},"point_estimate":-0.014040660811898142,"standard_error":0.004955233489353661},"median":{"confidence_interval":{"confidence_level":0.95,"lower_bound":-0.021905940225396936,"upper_bound":-0.006290481311002072},"point_estimate":-0.011669813163759257,"standard_error":0.00396282047768166}}