{"mean":{"confidence_interval":{"confidence_level":0.95,"lower_bound":-0.015399359334321754,"upper_bound":-0.005760126755174372},"point_estimate":-0.010863324283195475,"standard_error":0.0024633690157605495},"median":{"confidence_interval":{"confidence_level":0.95,"lower_bound":-0.016460420305370316,"upper_bound":-0.007135836593172962},"point_estimate":-0.014167983953244256,"standard_error":0.0024877162552036057}}