{"mean":{"confidence_interval":{"confidence_level":0.95,"lower_bound":0.03634791404678254,"upper_bound":0.12967798075920156},"point_estimate":0.07984873333120901,"standard_error":0.023564804148939782},"median":{"confidence_interval":{"confidence_level":0.95,"lower_bound":0.041930891057722755,"upper_bound":0.07879483635849893},"point_estimate":0.05547499925107702,"standard_error":0.0096273247358473}}