{"mean":{"confidence_interval":{"confidence_level":0.95,"lower_bound":0.008299274390635936,"upper_bound":0.04656622240812956},"point_estimate":0.026396940523856882,"standard_error":0.009807737930886781},"median":{"confidence_interval":{"confidence_level":0.95,"lower_bound":-0.010422495650582508,"upper_bound":0.03376840243772139},"point_estimate":0.00678584514939673,"standard_error":0.013656830752204004}}