{"mean":{"confidence_interval":{"confidence_level":0.95,"lower_bound":0.06609656374064835,"upper_bound":0.09592350640407096},"point_estimate":0.08135976975261383,"standard_error":0.007556849659634115},"median":{"confidence_interval":{"confidence_level":0.95,"lower_bound":0.06036684824644123,"upper_bound":0.09524845017102201},"point_estimate":0.0822178732836707,"standard_error":0.009370917900032097}}