{"mean":{"confidence_interval":{"confidence_level":0.95,"lower_bound":-0.08430409952300513,"upper_bound":-0.07276460083277371},"point_estimate":-0.07836068789888995,"standard_error":0.002976330436951097},"median":{"confidence_interval":{"confidence_level":0.95,"lower_bound":-0.08248610194437156,"upper_bound":-0.07292125501356772},"point_estimate":-0.07828939511033894,"standard_error":0.0024118554175104052}}