{"mean":{"confidence_interval":{"confidence_level":0.95,"lower_bound":-0.0541323982388153,"upper_bound":-0.010699558227713898},"point_estimate":-0.03109917739333845,"standard_error":0.011070555216491588},"median":{"confidence_interval":{"confidence_level":0.95,"lower_bound":-0.027743383797256826,"upper_bound":-0.009868530865575154},"point_estimate":-0.02005121908894225,"standard_error":0.00418452388190322}}