{"mean":{"confidence_interval":{"confidence_level":0.95,"lower_bound":-0.03717283734939961,"upper_bound":0.004899205354897388},"point_estimate":-0.01688703979466799,"standard_error":0.010722253016639531},"median":{"confidence_interval":{"confidence_level":0.95,"lower_bound":-0.03990051576062992,"upper_bound":-0.0019676093486883373},"point_estimate":-0.017612410225033348,"standard_error":0.009127972448228373}}