{"mean":{"confidence_interval":{"confidence_level":0.95,"lower_bound":-0.04272658408094582,"upper_bound":0.02710590172979124},"point_estimate":-0.007864942855410284,"standard_error":0.01817809328575017},"median":{"confidence_interval":{"confidence_level":0.95,"lower_bound":-0.050934202842268905,"upper_bound":-0.008382390254970007},"point_estimate":-0.030755596710495547,"standard_error":0.00973094873396418}}