{"mean":{"confidence_interval":{"confidence_level":0.95,"lower_bound":0.015816589504172567,"upper_bound":0.0661834773550556},"point_estimate":0.0415943689949414,"standard_error":0.012884132718730571},"median":{"confidence_interval":{"confidence_level":0.95,"lower_bound":0.00432554743619039,"upper_bound":0.076060557984009},"point_estimate":0.04750252243494324,"standard_error":0.018723748162680402}}