{"mean":{"confidence_interval":{"confidence_level":0.95,"lower_bound":-0.01755197226932698,"upper_bound":0.029495943393235084},"point_estimate":0.00022717098292956983,"standard_error":0.012875487755445938},"median":{"confidence_interval":{"confidence_level":0.95,"lower_bound":-0.021100048079940148,"upper_bound":-0.0021998844990701594},"point_estimate":-0.012051527285877883,"standard_error":0.004794342279303181}}