{"mean":{"confidence_interval":{"confidence_level":0.95,"lower_bound":0.19615980968029664,"upper_bound":0.32984637366513303},"point_estimate":0.2568098869765403,"standard_error":0.032891492518399235},"median":{"confidence_interval":{"confidence_level":0.95,"lower_bound":0.11857424275819906,"upper_bound":0.29534444652359726},"point_estimate":0.20300727229031756,"standard_error":0.05831820206512964}}