{"mean":{"confidence_interval":{"confidence_level":0.95,"lower_bound":-0.0140439206187668,"upper_bound":0.01733243832834782},"point_estimate":0.00009126954996263592,"standard_error":0.008116259883243408},"median":{"confidence_interval":{"confidence_level":0.95,"lower_bound":-0.011332684892751188,"upper_bound":0.00675951094985594},"point_estimate":-0.0002889059373992753,"standard_error":0.004577315481972551}}