{"mean":{"confidence_interval":{"confidence_level":0.95,"lower_bound":0.05939546232407552,"upper_bound":0.1213200258072843},"point_estimate":0.08896551735479319,"standard_error":0.015608092358624434},"median":{"confidence_interval":{"confidence_level":0.95,"lower_bound":0.05015980213152438,"upper_bound":0.07621978105472509},"point_estimate":0.05835881311519486,"standard_error":0.0066892543637548}}