{"mean":{"confidence_interval":{"confidence_level":0.95,"lower_bound":-0.035406954053013494,"upper_bound":0.004269939378128017},"point_estimate":-0.017275454476426755,"standard_error":0.010121191363151628},"median":{"confidence_interval":{"confidence_level":0.95,"lower_bound":-0.020119874850839103,"upper_bound":0.0017776167129643916},"point_estimate":-0.008761194040121656,"standard_error":0.005064586949934534}}