{"mean":{"confidence_interval":{"confidence_level":0.95,"lower_bound":0.050885211954067026,"upper_bound":0.0892204174896374},"point_estimate":0.06941693268676197,"standard_error":0.009726985227093029},"median":{"confidence_interval":{"confidence_level":0.95,"lower_bound":0.04020363846437447,"upper_bound":0.05916736267349772},"point_estimate":0.050530523364017865,"standard_error":0.004497158821521483}}