{"mean":{"confidence_interval":{"confidence_level":0.95,"lower_bound":62663.37461098658,"upper_bound":65403.18665102926},"point_estimate":63849.930145631406,"standard_error":707.1818641753657},"median":{"confidence_interval":{"confidence_level":0.95,"lower_bound":61293.519776839996,"upper_bound":62322.86115007012},"point_estimate":61569.39932122969,"standard_error":253.77131329822677},"median_abs_dev":{"confidence_interval":{"confidence_level":0.95,"lower_bound":1259.7815197210882,"upper_bound":2641.94083028527},"point_estimate":1823.9273059022908,"standard_error":392.4320561060335},"slope":{"confidence_interval":{"confidence_level":0.95,"lower_bound":62428.088121485336,"upper_bound":66158.53689677078},"point_estimate":63859.93709510576,"standard_error":1000.7504364775592},"std_dev":{"confidence_interval":{"confidence_level":0.95,"lower_bound":3195.7541373832087,"upper_bound":10914.356206583912},"point_estimate":7128.135806618652,"standard_error":2247.5577357252346}}