{"mean":{"confidence_interval":{"confidence_level":0.95,"lower_bound":-0.05585891230880962,"upper_bound":0.016895055542743623},"point_estimate":-0.020093991874871486,"standard_error":0.018583345074612123},"median":{"confidence_interval":{"confidence_level":0.95,"lower_bound":-0.061523700451864616,"upper_bound":0.0025526863883773565},"point_estimate":-0.03234659092967529,"standard_error":0.01613525163097049}}