{"mean":{"confidence_interval":{"confidence_level":0.95,"lower_bound":33153.09993507227,"upper_bound":33515.40231429271},"point_estimate":33314.71339251769,"standard_error":92.9988937094102},"median":{"confidence_interval":{"confidence_level":0.95,"lower_bound":33039.23819742489,"upper_bound":33322.71537736837},"point_estimate":33132.69179184549,"standard_error":75.92939451532035},"median_abs_dev":{"confidence_interval":{"confidence_level":0.95,"lower_bound":229.95374055269988,"upper_bound":431.3454362554585},"point_estimate":333.9054211106207,"standard_error":53.6879070652874},"slope":{"confidence_interval":{"confidence_level":0.95,"lower_bound":32997.33929533997,"upper_bound":33192.77298301561},"point_estimate":33087.80680946156,"standard_error":49.80737824244883},"std_dev":{"confidence_interval":{"confidence_level":0.95,"lower_bound":315.8398509425726,"upper_bound":954.3612065907788},"point_estimate":665.8123386198682,"standard_error":165.950221984124}}