{"mean":{"confidence_interval":{"confidence_level":0.95,"lower_bound":-0.03926033924799635,"upper_bound":-0.008885498783630602},"point_estimate":-0.024390791755770413,"standard_error":0.007724330521447671},"median":{"confidence_interval":{"confidence_level":0.95,"lower_bound":-0.038504910268844283,"upper_bound":0.00024827889800138614},"point_estimate":-0.023141462926579814,"standard_error":0.009732297364167175}}