{"mean":{"confidence_interval":{"confidence_level":0.95,"lower_bound":-0.04357541052442917,"upper_bound":-0.027305193760562996},"point_estimate":-0.03528966821886881,"standard_error":0.004095221519916013},"median":{"confidence_interval":{"confidence_level":0.95,"lower_bound":-0.04392014472848549,"upper_bound":-0.022084312068984202},"point_estimate":-0.038844930056633475,"standard_error":0.005037299347261297}}