{"mean":{"confidence_interval":{"confidence_level":0.95,"lower_bound":-0.04511886023576703,"upper_bound":0.000767405853402561},"point_estimate":-0.02337839208627812,"standard_error":0.011722035415482225},"median":{"confidence_interval":{"confidence_level":0.95,"lower_bound":-0.05847423143497188,"upper_bound":-0.00035382287167537267},"point_estimate":-0.035666419940860505,"standard_error":0.014223464554578773}}