{"mean":{"confidence_interval":{"confidence_level":0.95,"lower_bound":-0.03829938347309522,"upper_bound":-0.001937808966140253},"point_estimate":-0.018045850636520644,"standard_error":0.009400009292563134},"median":{"confidence_interval":{"confidence_level":0.95,"lower_bound":-0.013219543660679567,"upper_bound":0.0002600754033510455},"point_estimate":-0.006675447894878617,"standard_error":0.003551623853413867}}