{"mean":{"confidence_interval":{"confidence_level":0.95,"lower_bound":52602.26322538597,"upper_bound":53474.384972797285},"point_estimate":52995.73511210664,"standard_error":222.65642467010105},"median":{"confidence_interval":{"confidence_level":0.95,"lower_bound":52515.985810922284,"upper_bound":53053.99014778325},"point_estimate":52721.512862616306,"standard_error":127.16152174993367},"median_abs_dev":{"confidence_interval":{"confidence_level":0.95,"lower_bound":466.19458527591985,"upper_bound":1151.6347057263622},"point_estimate":690.5259549599963,"standard_error":168.68562015859456},"slope":{"confidence_interval":{"confidence_level":0.95,"lower_bound":52258.397995979416,"upper_bound":52692.84135440883},"point_estimate":52475.601068423275,"standard_error":110.69078681720426},"std_dev":{"confidence_interval":{"confidence_level":0.95,"lower_bound":827.3809003008101,"upper_bound":2290.647078544218},"point_estimate":1589.0340038706495,"standard_error":394.6593174847258}}