{"mean":{"confidence_interval":{"confidence_level":0.95,"lower_bound":-0.03593486149634092,"upper_bound":-0.011318755115290983},"point_estimate":-0.023878659639805733,"standard_error":0.0062703891210099325},"median":{"confidence_interval":{"confidence_level":0.95,"lower_bound":-0.033297858486903475,"upper_bound":-0.005240423632322799},"point_estimate":-0.019518397930818554,"standard_error":0.006780229542029382}}