{"mean":{"confidence_interval":{"confidence_level":0.95,"lower_bound":-0.017154171909588883,"upper_bound":0.025589035650201084},"point_estimate":0.0034986331603525933,"standard_error":0.01080292534928751},"median":{"confidence_interval":{"confidence_level":0.95,"lower_bound":-0.008349817469769705,"upper_bound":0.0105602533812863},"point_estimate":0.00018248004249143968,"standard_error":0.004678404602482013}}