{"mean":{"confidence_interval":{"confidence_level":0.95,"lower_bound":0.028022868617402795,"upper_bound":0.09728126997191099},"point_estimate":0.0641622158206907,"standard_error":0.01754601043997017},"median":{"confidence_interval":{"confidence_level":0.95,"lower_bound":-0.006369326637697163,"upper_bound":0.040100410598721714},"point_estimate":0.016625197545530712,"standard_error":0.011672448216912983}}