{"mean":{"confidence_interval":{"confidence_level":0.95,"lower_bound":-0.02093506239486257,"upper_bound":0.004285762931587622},"point_estimate":-0.008240569563086608,"standard_error":0.006415593159743313},"median":{"confidence_interval":{"confidence_level":0.95,"lower_bound":-0.018997359227322486,"upper_bound":0.007952932668482742},"point_estimate":-0.009124771935216658,"standard_error":0.0068407430418401536}}