{"mean":{"confidence_interval":{"confidence_level":0.95,"lower_bound":0.03598474204503987,"upper_bound":0.07724772066825596},"point_estimate":0.05649985726179074,"standard_error":0.010681360877337023},"median":{"confidence_interval":{"confidence_level":0.95,"lower_bound":0.02864908699883184,"upper_bound":0.05413669883923977},"point_estimate":0.03916808139163819,"standard_error":0.0066446678620677175}}