{"mean":{"confidence_interval":{"confidence_level":0.95,"lower_bound":0.02472791159533983,"upper_bound":0.05368104259961106},"point_estimate":0.038987492204024754,"standard_error":0.007377061549305702},"median":{"confidence_interval":{"confidence_level":0.95,"lower_bound":0.021731458220699773,"upper_bound":0.056735150774837706},"point_estimate":0.04231961945421614,"standard_error":0.008789747040478392}}