{"mean":{"confidence_interval":{"confidence_level":0.95,"lower_bound":56178.27441024144,"upper_bound":57340.387145499924},"point_estimate":56693.10201127965,"standard_error":298.12736970722705},"median":{"confidence_interval":{"confidence_level":0.95,"lower_bound":56135.723039215685,"upper_bound":56777.57352941176},"point_estimate":56418.75172874793,"standard_error":181.8432969519276},"median_abs_dev":{"confidence_interval":{"confidence_level":0.95,"lower_bound":606.7329577080088,"upper_bound":1663.5609448299574},"point_estimate":969.2508723188992,"standard_error":255.19895282510444},"slope":{"confidence_interval":{"confidence_level":0.95,"lower_bound":55757.19944377942,"upper_bound":56425.91616814284},"point_estimate":56093.5643393059,"standard_error":170.41217598439184},"std_dev":{"confidence_interval":{"confidence_level":0.95,"lower_bound":1095.2844662139462,"upper_bound":3137.0768385270367},"point_estimate":2127.222747425682,"standard_error":590.319242626322}}