{"mean":{"confidence_interval":{"confidence_level":0.95,"lower_bound":0.07103289746559036,"upper_bound":0.12566142636237193},"point_estimate":0.10059521731312837,"standard_error":0.01398223554450654},"median":{"confidence_interval":{"confidence_level":0.95,"lower_bound":0.08405870682328609,"upper_bound":0.11374957024528953},"point_estimate":0.09996390407158562,"standard_error":0.007608766363184262}}