{"mean":{"confidence_interval":{"confidence_level":0.95,"lower_bound":-0.03645798655626794,"upper_bound":0.009373707508664618},"point_estimate":-0.014871189753078995,"standard_error":0.011700817723965508},"median":{"confidence_interval":{"confidence_level":0.95,"lower_bound":-0.039273995926625394,"upper_bound":0.00792851724417809},"point_estimate":-0.019663089632711017,"standard_error":0.011535088337701843}}