{"mean":{"confidence_interval":{"confidence_level":0.95,"lower_bound":-0.05839308214358332,"upper_bound":0.020203728339914098},"point_estimate":-0.020937091775939387,"standard_error":0.020031078484424054},"median":{"confidence_interval":{"confidence_level":0.95,"lower_bound":-0.08587861135406094,"upper_bound":0.018613782186738703},"point_estimate":-0.05736543908636138,"standard_error":0.02886904511614561}}