{"mean":{"confidence_interval":{"confidence_level":0.95,"lower_bound":0.02031425365842734,"upper_bound":0.04957363603436324},"point_estimate":0.0343362287249378,"standard_error":0.007453569987821279},"median":{"confidence_interval":{"confidence_level":0.95,"lower_bound":0.01332057136567144,"upper_bound":0.060364443354352426},"point_estimate":0.03910057309067416,"standard_error":0.011747196071533022}}