{"mean":{"confidence_interval":{"confidence_level":0.95,"lower_bound":-0.0315394301257094,"upper_bound":-0.009254985343969143},"point_estimate":-0.020867540082121883,"standard_error":0.005642110568484716},"median":{"confidence_interval":{"confidence_level":0.95,"lower_bound":-0.0482796730535503,"upper_bound":-0.0060678300986058975},"point_estimate":-0.035911512124368494,"standard_error":0.011264572050505892}}