{"mean":{"confidence_interval":{"confidence_level":0.95,"lower_bound":88836.96843523043,"upper_bound":91731.73549958436},"point_estimate":90047.35966270775,"standard_error":753.4801129614475},"median":{"confidence_interval":{"confidence_level":0.95,"lower_bound":88528.33537331701,"upper_bound":90234.40667859273},"point_estimate":88933.18364073777,"standard_error":389.7820027055415},"median_abs_dev":{"confidence_interval":{"confidence_level":0.95,"lower_bound":810.8944206988812,"upper_bound":2904.4626756626417},"point_estimate":2303.80919056204,"standard_error":522.6179979327433},"slope":{"confidence_interval":{"confidence_level":0.95,"lower_bound":89615.45167338291,"upper_bound":91749.76364127296},"point_estimate":90574.66533028132,"standard_error":545.608968916433},"std_dev":{"confidence_interval":{"confidence_level":0.95,"lower_bound":1784.8958353375547,"upper_bound":8436.251405307916},"point_estimate":5362.548162067382,"standard_error":1961.9725360900034}}