{"mean":{"confidence_interval":{"confidence_level":0.95,"lower_bound":0.017697584904180323,"upper_bound":0.04449663603627186},"point_estimate":0.030128227528785967,"standard_error":0.006897581147869917},"median":{"confidence_interval":{"confidence_level":0.95,"lower_bound":0.015166245791305766,"upper_bound":0.02981425692838946},"point_estimate":0.02361016788844683,"standard_error":0.003997548802380658}}