{"mean":{"confidence_interval":{"confidence_level":0.95,"lower_bound":0.05427631949577878,"upper_bound":0.13326130440571354},"point_estimate":0.09287740190082627,"standard_error":0.020101282797256457},"median":{"confidence_interval":{"confidence_level":0.95,"lower_bound":0.043682965285700925,"upper_bound":0.16247480054959706},"point_estimate":0.10415964486824869,"standard_error":0.032064424811458235}}