{"mean":{"confidence_interval":{"confidence_level":0.95,"lower_bound":0.027997114483899126,"upper_bound":0.08629759770025132},"point_estimate":0.055309941132441365,"standard_error":0.014685914843543672},"median":{"confidence_interval":{"confidence_level":0.95,"lower_bound":0.008338465155736552,"upper_bound":0.06707619732227088},"point_estimate":0.025267564100471596,"standard_error":0.014688516334439173}}