{"mean":{"confidence_interval":{"confidence_level":0.95,"lower_bound":0.08027644504583546,"upper_bound":0.14192036770914043},"point_estimate":0.11089093973641684,"standard_error":0.015664934067221657},"median":{"confidence_interval":{"confidence_level":0.95,"lower_bound":0.06342806489027408,"upper_bound":0.14898383704071394},"point_estimate":0.09604899861063543,"standard_error":0.021306915514542283}}