{"mean":{"confidence_interval":{"confidence_level":0.95,"lower_bound":0.01798381873591803,"upper_bound":0.03374299679662977},"point_estimate":0.025763672756718536,"standard_error":0.004003987909730561},"median":{"confidence_interval":{"confidence_level":0.95,"lower_bound":0.0193650622981193,"upper_bound":0.03188129553438723},"point_estimate":0.026854045250398695,"standard_error":0.003111981783029782}}