{"mean":{"confidence_interval":{"confidence_level":0.95,"lower_bound":0.0573676400238347,"upper_bound":0.15503035169549068},"point_estimate":0.10189311997664907,"standard_error":0.023866269374107303},"median":{"confidence_interval":{"confidence_level":0.95,"lower_bound":0.021824027001081214,"upper_bound":0.057702958712729124},"point_estimate":0.03726459486861411,"standard_error":0.008746789457201646}}