{"mean":{"confidence_interval":{"confidence_level":0.95,"lower_bound":0.01919513371344638,"upper_bound":0.11744588412316805},"point_estimate":0.06462583057246496,"standard_error":0.025169929837569},"median":{"confidence_interval":{"confidence_level":0.95,"lower_bound":-0.010391789393327945,"upper_bound":0.07807549877198716},"point_estimate":0.025640071568131972,"standard_error":0.02131058193239207}}