{"mean":{"confidence_interval":{"confidence_level":0.95,"lower_bound":0.031685547579412505,"upper_bound":0.05069469135182619},"point_estimate":0.04147262139250585,"standard_error":0.004838808681966365},"median":{"confidence_interval":{"confidence_level":0.95,"lower_bound":0.035935674767402954,"upper_bound":0.05919279158984447},"point_estimate":0.05172567518886728,"standard_error":0.006199643763110991}}