{"mean":{"confidence_interval":{"confidence_level":0.95,"lower_bound":-0.003683897006493487,"upper_bound":0.0588449157533191},"point_estimate":0.02518058566895176,"standard_error":0.016178279622621194},"median":{"confidence_interval":{"confidence_level":0.95,"lower_bound":-0.021303067713173918,"upper_bound":0.04803320428157698},"point_estimate":0.014867239431491264,"standard_error":0.018424925978043613}}