{"mean":{"confidence_interval":{"confidence_level":0.95,"lower_bound":-0.05108273859333265,"upper_bound":-0.027314672548184506},"point_estimate":-0.03895618710919768,"standard_error":0.0060625621896358605},"median":{"confidence_interval":{"confidence_level":0.95,"lower_bound":-0.04887032050267548,"upper_bound":-0.020336231017894835},"point_estimate":-0.03565337062180862,"standard_error":0.007760982699577231}}