{"mean":{"confidence_interval":{"confidence_level":0.95,"lower_bound":-0.0018074039881059377,"upper_bound":0.019383001583317582},"point_estimate":0.00828813457122135,"standard_error":0.0053892274517436676},"median":{"confidence_interval":{"confidence_level":0.95,"lower_bound":-0.004127479031553305,"upper_bound":0.019106412053494948},"point_estimate":0.007071988540745311,"standard_error":0.005686002701056312}}