{"mean":{"confidence_interval":{"confidence_level":0.95,"lower_bound":0.022770050895552476,"upper_bound":0.0652203194716376},"point_estimate":0.04365468146350171,"standard_error":0.0109240167601191},"median":{"confidence_interval":{"confidence_level":0.95,"lower_bound":0.0013980696968252104,"upper_bound":0.03437471200810971},"point_estimate":0.012019162831528485,"standard_error":0.008754692900273423}}