{"mean":{"confidence_interval":{"confidence_level":0.95,"lower_bound":0.03668241258805721,"upper_bound":0.09851873618433821},"point_estimate":0.0661977537118108,"standard_error":0.01562156447237273},"median":{"confidence_interval":{"confidence_level":0.95,"lower_bound":0.03355239853763403,"upper_bound":0.08744464082523229},"point_estimate":0.054602832020141934,"standard_error":0.013107031327767653}}