{"mean":{"confidence_interval":{"confidence_level":0.95,"lower_bound":0.015646805652990422,"upper_bound":0.04993058905219991},"point_estimate":0.033065719664431725,"standard_error":0.008716955729744342},"median":{"confidence_interval":{"confidence_level":0.95,"lower_bound":0.019661961773012715,"upper_bound":0.049324187973498024},"point_estimate":0.03739107000293074,"standard_error":0.007812878029956493}}