{"mean":{"confidence_interval":{"confidence_level":0.95,"lower_bound":0.013058732747258755,"upper_bound":0.040184490634928446},"point_estimate":0.02625600932598382,"standard_error":0.006918389134741263},"median":{"confidence_interval":{"confidence_level":0.95,"lower_bound":0.005623086832651785,"upper_bound":0.034597054918811265},"point_estimate":0.023580689518429843,"standard_error":0.008902576982345282}}