{"mean":{"confidence_interval":{"confidence_level":0.95,"lower_bound":56242.439929669126,"upper_bound":57439.86821009292},"point_estimate":56820.33292253852,"standard_error":305.80872753965133},"median":{"confidence_interval":{"confidence_level":0.95,"lower_bound":55771.41779788839,"upper_bound":56804.827365728896},"point_estimate":56479.51080262326,"standard_error":291.76326798698625},"median_abs_dev":{"confidence_interval":{"confidence_level":0.95,"lower_bound":1396.6861989717124,"upper_bound":3113.318094266886},"point_estimate":2170.808684782633,"standard_error":460.845062910714},"slope":{"confidence_interval":{"confidence_level":0.95,"lower_bound":56562.783141466505,"upper_bound":57858.2576303632},"point_estimate":57174.38569528595,"standard_error":331.79041692224064},"std_dev":{"confidence_interval":{"confidence_level":0.95,"lower_bound":2360.657908040384,"upper_bound":3719.993395977812},"point_estimate":3072.351003235711,"standard_error":347.5095526861824}}