{"mean":{"confidence_interval":{"confidence_level":0.95,"lower_bound":-0.08645828628514156,"upper_bound":-0.03141518545585576},"point_estimate":-0.06022528173384323,"standard_error":0.014021814308760809},"median":{"confidence_interval":{"confidence_level":0.95,"lower_bound":-0.09888194275848292,"upper_bound":-0.0469865313904585},"point_estimate":-0.07961434726091754,"standard_error":0.012597240426637835}}