{"mean":{"confidence_interval":{"confidence_level":0.95,"lower_bound":-0.0034994923649000246,"upper_bound":0.02292453840448552},"point_estimate":0.008435312344734491,"standard_error":0.006899674573230528},"median":{"confidence_interval":{"confidence_level":0.95,"lower_bound":-0.0020043770276473305,"upper_bound":0.013547176180746412},"point_estimate":0.007105832663501177,"standard_error":0.003789771601433046}}