{"mean":{"confidence_interval":{"confidence_level":0.95,"lower_bound":0.008320154098308231,"upper_bound":0.07066779864910348},"point_estimate":0.03797548981504506,"standard_error":0.01590828847106108},"median":{"confidence_interval":{"confidence_level":0.95,"lower_bound":0.016529113324699418,"upper_bound":0.09342862039825728},"point_estimate":0.04698803548499386,"standard_error":0.020059990431245983}}