{"mean":{"confidence_interval":{"confidence_level":0.95,"lower_bound":-0.033765487451949516,"upper_bound":0.02151429985988139},"point_estimate":-0.003612297970986278,"standard_error":0.014139135318960747},"median":{"confidence_interval":{"confidence_level":0.95,"lower_bound":-0.016128484847472313,"upper_bound":0.034397413491355174},"point_estimate":0.02056003548288654,"standard_error":0.01303331550836375}}