{"mean":{"confidence_interval":{"confidence_level":0.95,"lower_bound":-0.007448948214612606,"upper_bound":0.03049136465522947},"point_estimate":0.011193111473942752,"standard_error":0.009638906560833055},"median":{"confidence_interval":{"confidence_level":0.95,"lower_bound":-0.004109248150968803,"upper_bound":0.03241253782831843},"point_estimate":0.019178360185491572,"standard_error":0.009476426830834283}}