{"mean":{"confidence_interval":{"confidence_level":0.95,"lower_bound":-0.07650898374591909,"upper_bound":-0.024717572014128223},"point_estimate":-0.05002721045653513,"standard_error":0.013224031324053772},"median":{"confidence_interval":{"confidence_level":0.95,"lower_bound":-0.028561636965844017,"upper_bound":0.00634106374391008},"point_estimate":-0.010492310012461759,"standard_error":0.009587013820179296}}