{"mean":{"confidence_interval":{"confidence_level":0.95,"lower_bound":-0.06265270627566945,"upper_bound":-0.03212541495609848},"point_estimate":-0.047605465072342756,"standard_error":0.007729323910814092},"median":{"confidence_interval":{"confidence_level":0.95,"lower_bound":-0.034055166042211815,"upper_bound":-0.01410466103671304},"point_estimate":-0.02335498328015495,"standard_error":0.005232949164865775}}