{"mean":{"confidence_interval":{"confidence_level":0.95,"lower_bound":-0.009658308558463443,"upper_bound":0.023941588851332334},"point_estimate":0.006938135701846537,"standard_error":0.008630894677910289},"median":{"confidence_interval":{"confidence_level":0.95,"lower_bound":-0.001332512739355196,"upper_bound":0.014765237695943512},"point_estimate":0.006438691309686551,"standard_error":0.0038789695746945653}}