{"mean":{"confidence_interval":{"confidence_level":0.95,"lower_bound":0.08474785756441088,"upper_bound":0.15357477777206371},"point_estimate":0.11738700738254515,"standard_error":0.017637764889817165},"median":{"confidence_interval":{"confidence_level":0.95,"lower_bound":0.05840597533585945,"upper_bound":0.12686585845360776},"point_estimate":0.09114211203499312,"standard_error":0.01677995610475994}}