{"mean":{"confidence_interval":{"confidence_level":0.95,"lower_bound":0.014180507070114225,"upper_bound":0.04191874868602609},"point_estimate":0.027044501437990975,"standard_error":0.007074582926991493},"median":{"confidence_interval":{"confidence_level":0.95,"lower_bound":0.01880391057648878,"upper_bound":0.03518919320749481},"point_estimate":0.027186506151528622,"standard_error":0.004376532145526232}}