{"mean":{"confidence_interval":{"confidence_level":0.95,"lower_bound":-0.034090029349163546,"upper_bound":-0.01830735869620124},"point_estimate":-0.026627968091236576,"standard_error":0.0040129684364258525},"median":{"confidence_interval":{"confidence_level":0.95,"lower_bound":-0.03365457354964552,"upper_bound":-0.020342481577562896},"point_estimate":-0.02673588346919409,"standard_error":0.0033452982495874514}}