{"mean":{"confidence_interval":{"confidence_level":0.95,"lower_bound":-0.006085136604771462,"upper_bound":0.009982388644491136},"point_estimate":0.0022244265252242545,"standard_error":0.0041161099459007325},"median":{"confidence_interval":{"confidence_level":0.95,"lower_bound":-0.005121854398061454,"upper_bound":0.008016453227716037},"point_estimate":0.00010179034405766174,"standard_error":0.003430271625739726}}