{"mean":{"confidence_interval":{"confidence_level":0.95,"lower_bound":-0.024803351052509037,"upper_bound":0.024799151293317917},"point_estimate":-0.00047296332884372294,"standard_error":0.01264720255178462},"median":{"confidence_interval":{"confidence_level":0.95,"lower_bound":-0.03991848586510127,"upper_bound":0.03537766892345107},"point_estimate":-0.010221219542120963,"standard_error":0.01887423551021082}}