{"mean":{"confidence_interval":{"confidence_level":0.95,"lower_bound":-0.03137393251277417,"upper_bound":0.03417206733419695},"point_estimate":0.0020651661325783444,"standard_error":0.01663357048363144},"median":{"confidence_interval":{"confidence_level":0.95,"lower_bound":-0.024410094685557993,"upper_bound":0.020612400499195112},"point_estimate":1.2947706202748321e-6,"standard_error":0.011424743512558387}}