{"mean":{"confidence_interval":{"confidence_level":0.95,"lower_bound":-0.20152584951220484,"upper_bound":-0.11259038925789211},"point_estimate":-0.15598104383625944,"standard_error":0.02277749644293875},"median":{"confidence_interval":{"confidence_level":0.95,"lower_bound":-0.15710062394125124,"upper_bound":-0.1010687883046244},"point_estimate":-0.12750745698650556,"standard_error":0.014028230824088677}}