{"mean":{"confidence_interval":{"confidence_level":0.95,"lower_bound":-0.007914832781542766,"upper_bound":0.02473631038590518},"point_estimate":0.008300573932295663,"standard_error":0.008335957759917622},"median":{"confidence_interval":{"confidence_level":0.95,"lower_bound":-0.006048262420006556,"upper_bound":0.018506436893094},"point_estimate":0.008519986110112399,"standard_error":0.006281972004540498}}