{"mean":{"confidence_interval":{"confidence_level":0.95,"lower_bound":0.026542869640967588,"upper_bound":0.07990574542097728},"point_estimate":0.04959021104228456,"standard_error":0.01375124907479366},"median":{"confidence_interval":{"confidence_level":0.95,"lower_bound":0.012307059306878282,"upper_bound":0.029760828507951278},"point_estimate":0.02278938312687062,"standard_error":0.0045703266025833664}}