{"mean":{"confidence_interval":{"confidence_level":0.95,"lower_bound":-0.04962208081207553,"upper_bound":-0.030083585193451362},"point_estimate":-0.04051014827546018,"standard_error":0.005033899460406551},"median":{"confidence_interval":{"confidence_level":0.95,"lower_bound":-0.049763370622931236,"upper_bound":-0.03718591428248441},"point_estimate":-0.04408090273905352,"standard_error":0.003168210017853943}}