{"mean":{"confidence_interval":{"confidence_level":0.95,"lower_bound":0.058798544809281775,"upper_bound":0.12396037888712547},"point_estimate":0.085536050109279,"standard_error":0.01594374644859421},"median":{"confidence_interval":{"confidence_level":0.95,"lower_bound":0.029385873374514482,"upper_bound":0.06642092567481317},"point_estimate":0.04651182422332578,"standard_error":0.009344223740569079}}