{"mean":{"confidence_interval":{"confidence_level":0.95,"lower_bound":-0.013764933811182968,"upper_bound":0.05873219491188437},"point_estimate":0.02154012961740137,"standard_error":0.018247350272987375},"median":{"confidence_interval":{"confidence_level":0.95,"lower_bound":-0.028745528119104913,"upper_bound":0.048625574136081706},"point_estimate":0.00623280461244935,"standard_error":0.0202033569023687}}