{"mean":{"confidence_interval":{"confidence_level":0.95,"lower_bound":0.007059871341405998,"upper_bound":0.03080761459251927},"point_estimate":0.018775082095361162,"standard_error":0.006037352613879568},"median":{"confidence_interval":{"confidence_level":0.95,"lower_bound":0.004138317085308292,"upper_bound":0.033277471094691036},"point_estimate":0.01801810324468045,"standard_error":0.007592810357357948}}