{"mean":{"confidence_interval":{"confidence_level":0.95,"lower_bound":-0.017187785257854034,"upper_bound":0.023834854298793364},"point_estimate":0.004328161490603888,"standard_error":0.0104385543597447},"median":{"confidence_interval":{"confidence_level":0.95,"lower_bound":-0.00435789883294091,"upper_bound":0.03232831229212274},"point_estimate":0.0159548687189508,"standard_error":0.009283974867328697}}