{"mean":{"confidence_interval":{"confidence_level":0.95,"lower_bound":0.11913645215730581,"upper_bound":0.21684522920370736},"point_estimate":0.16031360257266458,"standard_error":0.025865755975573536},"median":{"confidence_interval":{"confidence_level":0.95,"lower_bound":0.1147305476200636,"upper_bound":0.13903265430230327},"point_estimate":0.1310107049288578,"standard_error":0.0066938492440424945}}