{"mean":{"confidence_interval":{"confidence_level":0.95,"lower_bound":52963.20487657816,"upper_bound":54226.818194453066},"point_estimate":53555.715680135836,"standard_error":323.4514282225659},"median":{"confidence_interval":{"confidence_level":0.95,"lower_bound":52543.514658418506,"upper_bound":53317.7972027972},"point_estimate":52983.802308802304,"standard_error":197.98204334473579},"median_abs_dev":{"confidence_interval":{"confidence_level":0.95,"lower_bound":949.7453874802957,"upper_bound":2055.6290188665944},"point_estimate":1541.56333034114,"standard_error":283.98858304032404},"slope":{"confidence_interval":{"confidence_level":0.95,"lower_bound":52113.046416629084,"upper_bound":52731.33726289287},"point_estimate":52404.067201290265,"standard_error":157.22783077593118},"std_dev":{"confidence_interval":{"confidence_level":0.95,"lower_bound":1442.2668795589448,"upper_bound":2975.27858759757},"point_estimate":2302.318196606268,"standard_error":391.6669484324257}}