{"mean":{"confidence_interval":{"confidence_level":0.95,"lower_bound":0.08598849729760893,"upper_bound":0.16132283978284898},"point_estimate":0.11952516063279472,"standard_error":0.01979781394951251},"median":{"confidence_interval":{"confidence_level":0.95,"lower_bound":0.07268515706560308,"upper_bound":0.1549261010139713},"point_estimate":0.08891502171803167,"standard_error":0.024226068909883203}}