{"mean":{"confidence_interval":{"confidence_level":0.95,"lower_bound":-0.02214321357336608,"upper_bound":0.048216991548025084},"point_estimate":0.011528799494563868,"standard_error":0.017941485049068184},"median":{"confidence_interval":{"confidence_level":0.95,"lower_bound":-0.02471459940680787,"upper_bound":0.08653689692314281},"point_estimate":0.020693428250228907,"standard_error":0.028404463257353293}}