{"mean":{"confidence_interval":{"confidence_level":0.95,"lower_bound":-0.008740769188836248,"upper_bound":0.016423369326008193},"point_estimate":0.0038685056480620705,"standard_error":0.006395347902916962},"median":{"confidence_interval":{"confidence_level":0.95,"lower_bound":-0.00030252720237511355,"upper_bound":0.013943320123842806},"point_estimate":0.00690952474946771,"standard_error":0.0035213874773033214}}