{"mean":{"confidence_interval":{"confidence_level":0.95,"lower_bound":107513.93842672983,"upper_bound":115525.3515519895},"point_estimate":111334.64486329602,"standard_error":2064.5466765079273},"median":{"confidence_interval":{"confidence_level":0.95,"lower_bound":103031.40108892923,"upper_bound":110424.45833333333},"point_estimate":105714.90158730159,"standard_error":1978.3755049469582},"median_abs_dev":{"confidence_interval":{"confidence_level":0.95,"lower_bound":4850.89474199666,"upper_bound":15008.123177030811},"point_estimate":8034.657177757658,"standard_error":2526.4201225703227},"slope":{"confidence_interval":{"confidence_level":0.95,"lower_bound":106797.21217026433,"upper_bound":116716.0918161435},"point_estimate":111161.50852261696,"standard_error":2537.757640831679},"std_dev":{"confidence_interval":{"confidence_level":0.95,"lower_bound":10776.326609204261,"upper_bound":17716.677996372993},"point_estimate":14649.321801588158,"standard_error":1770.3001350647971}}