{"mean":{"confidence_interval":{"confidence_level":0.95,"lower_bound":-0.033637283149061385,"upper_bound":0.01178803295600702},"point_estimate":-0.011908429728057501,"standard_error":0.0116094818108517},"median":{"confidence_interval":{"confidence_level":0.95,"lower_bound":-0.05847211496244131,"upper_bound":0.018532206468890644},"point_estimate":-0.019930528445989304,"standard_error":0.01869027042422521}}