{"mean":{"confidence_interval":{"confidence_level":0.95,"lower_bound":0.020055431930123678,"upper_bound":0.050967012570476755},"point_estimate":0.03562613144511673,"standard_error":0.007865819013306654},"median":{"confidence_interval":{"confidence_level":0.95,"lower_bound":0.02841312190915324,"upper_bound":0.05851478501307872},"point_estimate":0.044327762788298086,"standard_error":0.007466216531481463}}