{"mean":{"confidence_interval":{"confidence_level":0.95,"lower_bound":-0.02104141002132701,"upper_bound":0.015454990899237976},"point_estimate":-0.0027807263740369237,"standard_error":0.00934679157246854},"median":{"confidence_interval":{"confidence_level":0.95,"lower_bound":-0.03218698352293492,"upper_bound":0.022413547131218126},"point_estimate":0.00007154145639209908,"standard_error":0.014220798261162263}}