{"mean":{"confidence_interval":{"confidence_level":0.95,"lower_bound":116864.78730177622,"upper_bound":121831.9673778045},"point_estimate":119222.62825378594,"standard_error":1269.9132698664787},"median":{"confidence_interval":{"confidence_level":0.95,"lower_bound":114039.96629901961,"upper_bound":117884.54843350383},"point_estimate":116004.7268907563,"standard_error":1019.0719682823943},"median_abs_dev":{"confidence_interval":{"confidence_level":0.95,"lower_bound":3385.708594303417,"upper_bound":9114.875132296267},"point_estimate":5727.664449477836,"standard_error":1492.132014102899},"slope":{"confidence_interval":{"confidence_level":0.95,"lower_bound":114282.81487606419,"upper_bound":118965.16783511885},"point_estimate":116306.26900544726,"standard_error":1199.246524169501},"std_dev":{"confidence_interval":{"confidence_level":0.95,"lower_bound":6619.461822171888,"upper_bound":10888.365339702372},"point_estimate":9058.692802245152,"standard_error":1090.23870258568}}