{"mean":{"confidence_interval":{"confidence_level":0.95,"lower_bound":-0.019167581826443687,"upper_bound":0.02350975426385722},"point_estimate":0.0016973909961059963,"standard_error":0.010787779906955194},"median":{"confidence_interval":{"confidence_level":0.95,"lower_bound":-0.021624160052202135,"upper_bound":0.015686095308598658},"point_estimate":-0.002228862953249089,"standard_error":0.008949552761120033}}