{"mean":{"confidence_interval":{"confidence_level":0.95,"lower_bound":0.33464658213697485,"upper_bound":0.626686986103796},"point_estimate":0.4650225219678352,"standard_error":0.07058031915304395},"median":{"confidence_interval":{"confidence_level":0.95,"lower_bound":0.07137877997424869,"upper_bound":0.66108283521192},"point_estimate":0.21250606118263105,"standard_error":0.15783865881640044}}