{"mean":{"confidence_interval":{"confidence_level":0.95,"lower_bound":0.04016531086994408,"upper_bound":0.09731335367378215},"point_estimate":0.06818064394070267,"standard_error":0.014487004805155267},"median":{"confidence_interval":{"confidence_level":0.95,"lower_bound":0.03778247995648032,"upper_bound":0.09519928514634834},"point_estimate":0.05924664562362936,"standard_error":0.014914425824105978}}