{"mean":{"confidence_interval":{"confidence_level":0.95,"lower_bound":0.008141727444579201,"upper_bound":0.039724699867036396},"point_estimate":0.024332237137843826,"standard_error":0.008025545087301175},"median":{"confidence_interval":{"confidence_level":0.95,"lower_bound":0.00882561701081297,"upper_bound":0.035923222674326905},"point_estimate":0.02655328100780019,"standard_error":0.006994524500933135}}