{"mean":{"confidence_interval":{"confidence_level":0.95,"lower_bound":0.00244298381760372,"upper_bound":0.016776215930126424},"point_estimate":0.00975293937690802,"standard_error":0.003656919356376216},"median":{"confidence_interval":{"confidence_level":0.95,"lower_bound":0.0025610131057316465,"upper_bound":0.014228178446185291},"point_estimate":0.0061189168436901475,"standard_error":0.003133541313871638}}