{"mean":{"confidence_interval":{"confidence_level":0.95,"lower_bound":0.00394622374996293,"upper_bound":0.030157178098262648},"point_estimate":0.01657444512813311,"standard_error":0.0067076983547431},"median":{"confidence_interval":{"confidence_level":0.95,"lower_bound":0.004055287305319899,"upper_bound":0.02777861195758269},"point_estimate":0.01693734781582168,"standard_error":0.006292503691178651}}