{"mean":{"confidence_interval":{"confidence_level":0.95,"lower_bound":0.0018172760702764095,"upper_bound":0.02060257100246998},"point_estimate":0.011034511594378404,"standard_error":0.005000212171547683},"median":{"confidence_interval":{"confidence_level":0.95,"lower_bound":-0.005393395506553822,"upper_bound":0.02123784876747492},"point_estimate":0.0068288799127271815,"standard_error":0.0072959160280783334}}