{"mean":{"confidence_interval":{"confidence_level":0.95,"lower_bound":0.05623858302940676,"upper_bound":0.08181337114612229},"point_estimate":0.06911401855281851,"standard_error":0.006518317453921266},"median":{"confidence_interval":{"confidence_level":0.95,"lower_bound":0.05329770274279544,"upper_bound":0.10235840842403143},"point_estimate":0.09030074983428338,"standard_error":0.011942783253672363}}