{"mean":{"confidence_interval":{"confidence_level":0.95,"lower_bound":-0.014663363482114236,"upper_bound":0.04104012347599618},"point_estimate":0.013581753773332483,"standard_error":0.014147446523629092},"median":{"confidence_interval":{"confidence_level":0.95,"lower_bound":-0.009125615382235313,"upper_bound":0.06145166486034559},"point_estimate":0.03244139021219361,"standard_error":0.01866575885657403}}