{"mean":{"confidence_interval":{"confidence_level":0.95,"lower_bound":0.02080615683273388,"upper_bound":0.049223420209927836},"point_estimate":0.034287472309346034,"standard_error":0.007197217049387746},"median":{"confidence_interval":{"confidence_level":0.95,"lower_bound":0.02052349905435258,"upper_bound":0.04616723924478965},"point_estimate":0.035256879705140465,"standard_error":0.006679695628510384}}