{"mean":{"confidence_interval":{"confidence_level":0.95,"lower_bound":-0.027378227369212343,"upper_bound":0.010883102665394093},"point_estimate":-0.00877120989351321,"standard_error":0.009734718769488485},"median":{"confidence_interval":{"confidence_level":0.95,"lower_bound":-0.031049126416416054,"upper_bound":0.015187858509880137},"point_estimate":-0.012963053082659659,"standard_error":0.011977378568612989}}