{"mean":{"confidence_interval":{"confidence_level":0.95,"lower_bound":0.10243723681487676,"upper_bound":0.19168792022146286},"point_estimate":0.1445888143925822,"standard_error":0.022675219929366757},"median":{"confidence_interval":{"confidence_level":0.95,"lower_bound":0.11391355772251477,"upper_bound":0.1775731025352767},"point_estimate":0.15583984257338357,"standard_error":0.01634827645090273}}