{"mean":{"confidence_interval":{"confidence_level":0.95,"lower_bound":0.05774436430990663,"upper_bound":0.12172595273414603},"point_estimate":0.08391059364088282,"standard_error":0.016790946128681834},"median":{"confidence_interval":{"confidence_level":0.95,"lower_bound":0.041569656581872616,"upper_bound":0.07246033899878301},"point_estimate":0.05977086346854943,"standard_error":0.007002479845595242}}