{"mean":{"confidence_interval":{"confidence_level":0.95,"lower_bound":842122.0846671418,"upper_bound":852430.897082839},"point_estimate":847052.1050780034,"standard_error":2635.928290037613},"median":{"confidence_interval":{"confidence_level":0.95,"lower_bound":834978.3242753623,"upper_bound":853425.0},"point_estimate":838728.1752873564,"standard_error":4487.433471739774},"median_abs_dev":{"confidence_interval":{"confidence_level":0.95,"lower_bound":6894.2156394958565,"upper_bound":24459.860235750606},"point_estimate":13689.25285561536,"standard_error":4463.114365169945},"slope":{"confidence_interval":{"confidence_level":0.95,"lower_bound":834837.2486817156,"upper_bound":845454.5508570418},"point_estimate":839357.4783925451,"standard_error":2772.92095799966},"std_dev":{"confidence_interval":{"confidence_level":0.95,"lower_bound":13823.884264008424,"upper_bound":22928.509532564312},"point_estimate":18796.254211176376,"standard_error":2333.3395839174705}}