{"mean":{"confidence_interval":{"confidence_level":0.95,"lower_bound":0.04068435691009563,"upper_bound":0.11553402281574207},"point_estimate":0.0718345732010166,"standard_error":0.018350019686519226},"median":{"confidence_interval":{"confidence_level":0.95,"lower_bound":0.0009086754763840688,"upper_bound":0.09177909222180669},"point_estimate":0.047595074451589614,"standard_error":0.028537403418494423}}