{"mean":{"confidence_interval":{"confidence_level":0.95,"lower_bound":-0.020246091744226306,"upper_bound":0.0031668367772196247},"point_estimate":-0.008253835683342925,"standard_error":0.0059621850256397066},"median":{"confidence_interval":{"confidence_level":0.95,"lower_bound":-0.01356078154739615,"upper_bound":0.007857435131058965},"point_estimate":0.00011822924106796862,"standard_error":0.005508148097956872}}