{"mean":{"confidence_interval":{"confidence_level":0.95,"lower_bound":-0.02474816544125489,"upper_bound":0.027915315682630653},"point_estimate":-0.0007295498015660318,"standard_error":0.013219046024410163},"median":{"confidence_interval":{"confidence_level":0.95,"lower_bound":-0.027823467918816847,"upper_bound":0.012118152070756505},"point_estimate":-0.012832221555796552,"standard_error":0.00959229578080804}}