{"mean":{"confidence_interval":{"confidence_level":0.95,"lower_bound":-0.00684481604321802,"upper_bound":0.009126609298899052},"point_estimate":0.0010454765232486007,"standard_error":0.004072992816717939},"median":{"confidence_interval":{"confidence_level":0.95,"lower_bound":-0.006361714276390318,"upper_bound":0.0057382995849044605},"point_estimate":-0.002737772580542752,"standard_error":0.003252574475835794}}