{"mean":{"confidence_interval":{"confidence_level":0.95,"lower_bound":-0.030564691701589455,"upper_bound":0.025340512360655827},"point_estimate":-0.0016313563079242144,"standard_error":0.014334469323538553},"median":{"confidence_interval":{"confidence_level":0.95,"lower_bound":-0.025844769319786777,"upper_bound":0.050712811138584835},"point_estimate":0.006038688482789212,"standard_error":0.02052856599764259}}