{"mean":{"confidence_interval":{"confidence_level":0.95,"lower_bound":-0.04083894807263886,"upper_bound":-0.009492487888854628},"point_estimate":-0.02473401807242137,"standard_error":0.007995290947398667},"median":{"confidence_interval":{"confidence_level":0.95,"lower_bound":-0.025503183226955328,"upper_bound":0.004280870809451276},"point_estimate":-0.004308433354385022,"standard_error":0.007834908153694245}}