{"mean":{"confidence_interval":{"confidence_level":0.95,"lower_bound":-0.0036087134007172796,"upper_bound":0.022109325700130966},"point_estimate":0.009250606741759704,"standard_error":0.006524875682052406},"median":{"confidence_interval":{"confidence_level":0.95,"lower_bound":-0.0019087106355155647,"upper_bound":0.02337450549831166},"point_estimate":0.0126747313373341,"standard_error":0.006443137814886284}}