{"mean":{"confidence_interval":{"confidence_level":0.95,"lower_bound":0.012740998079705163,"upper_bound":0.04884148676371881},"point_estimate":0.02785702900467668,"standard_error":0.009007863582492974},"median":{"confidence_interval":{"confidence_level":0.95,"lower_bound":0.008609459145444198,"upper_bound":0.027751641014770456},"point_estimate":0.017575034786058374,"standard_error":0.00507253136794323}}