{"mean":{"confidence_interval":{"confidence_level":0.95,"lower_bound":0.009555585787930723,"upper_bound":0.04204977822987542},"point_estimate":0.024650231415181745,"standard_error":0.008316152929393052},"median":{"confidence_interval":{"confidence_level":0.95,"lower_bound":0.00550300128000103,"upper_bound":0.024946192150939517},"point_estimate":0.016586808325669722,"standard_error":0.004843435410525178}}