{"mean":{"confidence_interval":{"confidence_level":0.95,"lower_bound":-0.03158429252764799,"upper_bound":-0.004028061630440446},"point_estimate":-0.018017261662960582,"standard_error":0.00704407511815144},"median":{"confidence_interval":{"confidence_level":0.95,"lower_bound":-0.03890722588646379,"upper_bound":-0.004227154075933437},"point_estimate":-0.022821582757751924,"standard_error":0.008829663313010048}}