{"mean":{"confidence_interval":{"confidence_level":0.95,"lower_bound":0.02161546227669746,"upper_bound":0.0446980840268094},"point_estimate":0.0331015290644312,"standard_error":0.005870889300601464},"median":{"confidence_interval":{"confidence_level":0.95,"lower_bound":0.02660225766682811,"upper_bound":0.04496625059210113},"point_estimate":0.03370338669969963,"standard_error":0.00429457958278459}}