{"mean":{"confidence_interval":{"confidence_level":0.95,"lower_bound":0.06770746490059104,"upper_bound":0.09468231424551429},"point_estimate":0.08131085414534467,"standard_error":0.006901390144698459},"median":{"confidence_interval":{"confidence_level":0.95,"lower_bound":0.05550524656966127,"upper_bound":0.10683174435237386},"point_estimate":0.09570456017759121,"standard_error":0.012406139731913466}}