{"mean":{"confidence_interval":{"confidence_level":0.95,"lower_bound":-0.017461421392239305,"upper_bound":0.010043624940634748},"point_estimate":-0.0029402816868245862,"standard_error":0.007019784364639683},"median":{"confidence_interval":{"confidence_level":0.95,"lower_bound":-0.008040592365950661,"upper_bound":0.009079023798799435},"point_estimate":0.002415375751462445,"standard_error":0.004351793743177615}}