{"mean":{"confidence_interval":{"confidence_level":0.95,"lower_bound":-0.007630024475676052,"upper_bound":0.03156425205470824},"point_estimate":0.011953032684933529,"standard_error":0.009979126654766635},"median":{"confidence_interval":{"confidence_level":0.95,"lower_bound":-0.0005777355759934161,"upper_bound":0.020846354463098793},"point_estimate":0.009212769602153115,"standard_error":0.005468114417605025}}