{"mean":{"confidence_interval":{"confidence_level":0.95,"lower_bound":0.019783188642575153,"upper_bound":0.03697910283744839},"point_estimate":0.02784365723643445,"standard_error":0.004410373494844513},"median":{"confidence_interval":{"confidence_level":0.95,"lower_bound":0.018838272395398148,"upper_bound":0.03650255926182644},"point_estimate":0.024740377261147417,"standard_error":0.005204879207027636}}