{"mean":{"confidence_interval":{"confidence_level":0.95,"lower_bound":29935.124420924836,"upper_bound":31644.857926857443},"point_estimate":30793.946602810905,"standard_error":435.13993816414416},"median":{"confidence_interval":{"confidence_level":0.95,"lower_bound":29383.754088296948,"upper_bound":31903.4942127102},"point_estimate":30653.976947902258,"standard_error":696.770244426651},"median_abs_dev":{"confidence_interval":{"confidence_level":0.95,"lower_bound":2176.816378892215,"upper_bound":4422.448409205932},"point_estimate":3655.9770327720225,"standard_error":575.3083860283634},"slope":{"confidence_interval":{"confidence_level":0.95,"lower_bound":29498.028569106245,"upper_bound":31360.913541692076},"point_estimate":30399.895078988007,"standard_error":475.39277383113523},"std_dev":{"confidence_interval":{"confidence_level":0.95,"lower_bound":2543.061714722079,"upper_bound":3598.8531017071286},"point_estimate":3106.863271446692,"standard_error":270.6847349747128}}