{"mean":{"confidence_interval":{"confidence_level":0.95,"lower_bound":0.0012688478231959095,"upper_bound":0.03378177875049389},"point_estimate":0.015509785053774428,"standard_error":0.00860578267086973},"median":{"confidence_interval":{"confidence_level":0.95,"lower_bound":0.0022806393389245283,"upper_bound":0.014641328035876144},"point_estimate":0.006702127255983958,"standard_error":0.0031675787461728612}}