{"mean":{"confidence_interval":{"confidence_level":0.95,"lower_bound":-0.014403989996846006,"upper_bound":0.013979874208289436},"point_estimate":-0.0016896145462509393,"standard_error":0.007142630457690232},"median":{"confidence_interval":{"confidence_level":0.95,"lower_bound":-0.015372190681976261,"upper_bound":0.012946440072798326},"point_estimate":-0.005651640908192257,"standard_error":0.007117687152606192}}