{"mean":{"confidence_interval":{"confidence_level":0.95,"lower_bound":-0.04210624341202997,"upper_bound":0.013545138587906238},"point_estimate":-0.010294509844097521,"standard_error":0.014507522704638762},"median":{"confidence_interval":{"confidence_level":0.95,"lower_bound":-0.017156928557369833,"upper_bound":0.0248245367043848},"point_estimate":0.008383887495959863,"standard_error":0.01043327880444769}}