{"mean":{"confidence_interval":{"confidence_level":0.95,"lower_bound":45371.27244498197,"upper_bound":46065.37750028589},"point_estimate":45691.81644455886,"standard_error":177.85285553898018},"median":{"confidence_interval":{"confidence_level":0.95,"lower_bound":45255.82822085889,"upper_bound":45686.77914110429},"point_estimate":45475.636836489735,"standard_error":105.2254352831264},"median_abs_dev":{"confidence_interval":{"confidence_level":0.95,"lower_bound":419.0364669753011,"upper_bound":1056.3398483218791},"point_estimate":702.5724946843085,"standard_error":163.43044804227546},"slope":{"confidence_interval":{"confidence_level":0.95,"lower_bound":45338.22368859145,"upper_bound":45959.02097896866},"point_estimate":45620.5073480282,"standard_error":158.60552644277925},"std_dev":{"confidence_interval":{"confidence_level":0.95,"lower_bound":677.9876577683547,"upper_bound":1747.5665815453208},"point_estimate":1275.266195365605,"standard_error":273.8908665855185}}