{"mean":{"confidence_interval":{"confidence_level":0.95,"lower_bound":-0.04916104112313168,"upper_bound":-0.02755394071994186},"point_estimate":-0.03833899626477222,"standard_error":0.005626369937098582},"median":{"confidence_interval":{"confidence_level":0.95,"lower_bound":-0.06410666251144237,"upper_bound":-0.02254993354758346},"point_estimate":-0.05413501258507525,"standard_error":0.00963952114747664}}