{"mean":{"confidence_interval":{"confidence_level":0.95,"lower_bound":-0.00787760997214559,"upper_bound":0.016509717168894402},"point_estimate":0.004480154878043985,"standard_error":0.006237715580178801},"median":{"confidence_interval":{"confidence_level":0.95,"lower_bound":-0.002729543909827825,"upper_bound":0.01373284165613664},"point_estimate":0.006566760561301788,"standard_error":0.0041015899675072645}}