{"mean":{"confidence_interval":{"confidence_level":0.95,"lower_bound":-0.07610522392375586,"upper_bound":0.005874730889259166},"point_estimate":-0.03311125370878398,"standard_error":0.020950112937690273},"median":{"confidence_interval":{"confidence_level":0.95,"lower_bound":-0.042899998656169114,"upper_bound":0.018915244713743284},"point_estimate":-0.0047638455143109715,"standard_error":0.016222909693360103}}