{"mean":{"confidence_interval":{"confidence_level":0.95,"lower_bound":0.033681085267282126,"upper_bound":0.0608924986463902},"point_estimate":0.04698265536640811,"standard_error":0.006921675286844174},"median":{"confidence_interval":{"confidence_level":0.95,"lower_bound":0.027683561141735646,"upper_bound":0.049370181138321145},"point_estimate":0.03526571454155558,"standard_error":0.0056735728448574115}}