{"mean":{"confidence_interval":{"confidence_level":0.95,"lower_bound":-0.007551536794622571,"upper_bound":0.00689904867348647},"point_estimate":-0.0008531793606858518,"standard_error":0.003672760550904413},"median":{"confidence_interval":{"confidence_level":0.95,"lower_bound":-0.011430106937366347,"upper_bound":0.0051534432375662876},"point_estimate":-0.0042583054103875195,"standard_error":0.004282760496904247}}