{"mean":{"confidence_interval":{"confidence_level":0.95,"lower_bound":0.3893585442828118,"upper_bound":0.47602897278260975},"point_estimate":0.43376833304801865,"standard_error":0.022328113570484732},"median":{"confidence_interval":{"confidence_level":0.95,"lower_bound":0.4081717742212869,"upper_bound":0.4861925686470075},"point_estimate":0.4444140193387134,"standard_error":0.023197900772415212}}