{"mean":{"confidence_interval":{"confidence_level":0.95,"lower_bound":0.02233628263099672,"upper_bound":0.05237714720746462},"point_estimate":0.03642805066703958,"standard_error":0.00806222855676306},"median":{"confidence_interval":{"confidence_level":0.95,"lower_bound":0.014881572695043088,"upper_bound":0.030698722210259266},"point_estimate":0.02182228934196595,"standard_error":0.004020488312190367}}