{"mean":{"confidence_interval":{"confidence_level":0.95,"lower_bound":185663.4093247376,"upper_bound":189647.96101957053},"point_estimate":187638.91061374376,"standard_error":1013.2280769654359},"median":{"confidence_interval":{"confidence_level":0.95,"lower_bound":184990.00128435652,"upper_bound":191041.29366812226},"point_estimate":188110.86740770147,"standard_error":1466.4678743665525},"median_abs_dev":{"confidence_interval":{"confidence_level":0.95,"lower_bound":2490.0283988566634,"upper_bound":7393.481951965766},"point_estimate":5092.54551101837,"standard_error":1263.9032516917175},"slope":{"confidence_interval":{"confidence_level":0.95,"lower_bound":183442.71119389546,"upper_bound":187332.91706822228},"point_estimate":185170.55186160095,"standard_error":998.3826540261133},"std_dev":{"confidence_interval":{"confidence_level":0.95,"lower_bound":3374.603814252084,"upper_bound":5641.5121621762155},"point_estimate":4661.244634959275,"standard_error":579.6178690106871}}