{"mean":{"confidence_interval":{"confidence_level":0.95,"lower_bound":0.009488830836370126,"upper_bound":0.034892580360672915},"point_estimate":0.021884554692048752,"standard_error":0.00639136943189699},"median":{"confidence_interval":{"confidence_level":0.95,"lower_bound":0.005015969310492974,"upper_bound":0.024056631463743372},"point_estimate":0.017201687504410312,"standard_error":0.00465393188624319}}