{"mean":{"confidence_interval":{"confidence_level":0.95,"lower_bound":-0.0016796659472081807,"upper_bound":0.027692618035861632},"point_estimate":0.012832961279027666,"standard_error":0.007450992234689613},"median":{"confidence_interval":{"confidence_level":0.95,"lower_bound":-0.0010759209617929866,"upper_bound":0.02162768068662002},"point_estimate":0.009932224587147598,"standard_error":0.0058680406722973625}}