{"mean":{"confidence_interval":{"confidence_level":0.95,"lower_bound":0.056530548018343466,"upper_bound":0.11490791785455919},"point_estimate":0.08408937068346511,"standard_error":0.014939103579876186},"median":{"confidence_interval":{"confidence_level":0.95,"lower_bound":0.033456548465960356,"upper_bound":0.1037615847920248},"point_estimate":0.06579044294723957,"standard_error":0.018675999720800928}}