{"mean":{"confidence_interval":{"confidence_level":0.95,"lower_bound":-0.1011266776741818,"upper_bound":-0.009212112623194739},"point_estimate":-0.05252074348116009,"standard_error":0.023495306817289875},"median":{"confidence_interval":{"confidence_level":0.95,"lower_bound":-0.04692653432147095,"upper_bound":0.04167239914604215},"point_estimate":-0.002304273365495102,"standard_error":0.022542583799023564}}