{"mean":{"confidence_interval":{"confidence_level":0.95,"lower_bound":13898.346519817635,"upper_bound":14027.172253139392},"point_estimate":13955.516144253128,"standard_error":32.79239831317869},"median":{"confidence_interval":{"confidence_level":0.95,"lower_bound":13906.722222222223,"upper_bound":13988.66792929293},"point_estimate":13950.230802650158,"standard_error":23.128906318105088},"median_abs_dev":{"confidence_interval":{"confidence_level":0.95,"lower_bound":129.166552304537,"upper_bound":264.3118871259525},"point_estimate":181.79642586104646,"standard_error":37.44551923044772},"slope":{"confidence_interval":{"confidence_level":0.95,"lower_bound":13844.49667829638,"upper_bound":13951.623116338891},"point_estimate":13897.558408452785,"standard_error":27.466973018937306},"std_dev":{"confidence_interval":{"confidence_level":0.95,"lower_bound":183.65161012085568,"upper_bound":495.07887758001215},"point_estimate":330.5910173355634,"standard_error":96.25719696003165}}