{"mean":{"confidence_interval":{"confidence_level":0.95,"lower_bound":0.05099879291562288,"upper_bound":0.09176432556122031},"point_estimate":0.06952585216417662,"standard_error":0.010403736143135035},"median":{"confidence_interval":{"confidence_level":0.95,"lower_bound":0.03841510645784685,"upper_bound":0.08535867014874365},"point_estimate":0.06970728219244404,"standard_error":0.01233969228501301}}