{"mean":{"confidence_interval":{"confidence_level":0.95,"lower_bound":-0.017662353977375582,"upper_bound":0.01019439090336866},"point_estimate":-0.003126614606833056,"standard_error":0.007110723251976908},"median":{"confidence_interval":{"confidence_level":0.95,"lower_bound":-0.009053682242709193,"upper_bound":0.014150933706911895},"point_estimate":0.0023005696120790287,"standard_error":0.00620218375383369}}