{"mean":{"confidence_interval":{"confidence_level":0.95,"lower_bound":0.4851994724103611,"upper_bound":0.5444577038024885},"point_estimate":0.5165387775233587,"standard_error":0.015334079106413009},"median":{"confidence_interval":{"confidence_level":0.95,"lower_bound":0.4811831074809083,"upper_bound":0.5458614951216156},"point_estimate":0.5146835484904568,"standard_error":0.01590871168174623}}