{"mean":{"confidence_interval":{"confidence_level":0.95,"lower_bound":-0.024983726241354923,"upper_bound":-0.00553243780224336},"point_estimate":-0.01602614995820273,"standard_error":0.005049571677534275},"median":{"confidence_interval":{"confidence_level":0.95,"lower_bound":-0.024471918687306055,"upper_bound":-0.010056934068646828},"point_estimate":-0.014157587760539991,"standard_error":0.003649485513536585}}