{"mean":{"confidence_interval":{"confidence_level":0.95,"lower_bound":-0.020491885854816316,"upper_bound":0.0058057205308432586},"point_estimate":-0.007359702536889667,"standard_error":0.0067088556206300835},"median":{"confidence_interval":{"confidence_level":0.95,"lower_bound":-0.01393010916554105,"upper_bound":0.012273314296569951},"point_estimate":0.0022877840632120616,"standard_error":0.006779875212726093}}