{"mean":{"confidence_interval":{"confidence_level":0.95,"lower_bound":-0.0458850684415872,"upper_bound":-0.023877039637158655},"point_estimate":-0.034837915408309716,"standard_error":0.005620510579091937},"median":{"confidence_interval":{"confidence_level":0.95,"lower_bound":-0.044973507045855676,"upper_bound":-0.013787388526067423},"point_estimate":-0.0290060629224278,"standard_error":0.007927692853580174}}