{"mean":{"confidence_interval":{"confidence_level":0.95,"lower_bound":-0.012591681790804499,"upper_bound":0.01775701853810477},"point_estimate":0.00227756870851481,"standard_error":0.007698237941179248},"median":{"confidence_interval":{"confidence_level":0.95,"lower_bound":-0.009560127326560752,"upper_bound":0.012688789546097423},"point_estimate":0.00017558305887344083,"standard_error":0.0053834547931981445}}