{"mean":{"confidence_interval":{"confidence_level":0.95,"lower_bound":0.11470627372146056,"upper_bound":0.18892186941572975},"point_estimate":0.14866489424391505,"standard_error":0.018959779267271545},"median":{"confidence_interval":{"confidence_level":0.95,"lower_bound":0.07817988638513507,"upper_bound":0.1313314438623725},"point_estimate":0.0923056205013657,"standard_error":0.012291787569390294}}