{"mean":{"confidence_interval":{"confidence_level":0.95,"lower_bound":-0.07275882839476205,"upper_bound":-0.022383330680618825},"point_estimate":-0.05069291563580158,"standard_error":0.012939366715190049},"median":{"confidence_interval":{"confidence_level":0.95,"lower_bound":-0.06743988610941298,"upper_bound":-0.03539241940502025},"point_estimate":-0.05436684547020387,"standard_error":0.008072894830292035}}