{"mean":{"confidence_interval":{"confidence_level":0.95,"lower_bound":-0.02115643692246411,"upper_bound":0.011969055407510837},"point_estimate":-0.0024952206370548735,"standard_error":0.008511749770742942},"median":{"confidence_interval":{"confidence_level":0.95,"lower_bound":0.00011677429556344876,"upper_bound":0.013275931321986506},"point_estimate":0.0074636988221505884,"standard_error":0.003366717237291621}}