{"mean":{"confidence_interval":{"confidence_level":0.95,"lower_bound":-0.03521624591812,"upper_bound":-0.0059902257148424206},"point_estimate":-0.020726088452533764,"standard_error":0.007475606225341621},"median":{"confidence_interval":{"confidence_level":0.95,"lower_bound":-0.03874572032438939,"upper_bound":-0.0061488681371443255},"point_estimate":-0.021200197781715446,"standard_error":0.008329134103229932}}