{"mean":{"confidence_interval":{"confidence_level":0.95,"lower_bound":-0.09585297317143882,"upper_bound":-0.02247802668732537},"point_estimate":-0.061045250999838485,"standard_error":0.018823844692908803},"median":{"confidence_interval":{"confidence_level":0.95,"lower_bound":-0.10785368536327489,"upper_bound":0.0013479850455799802},"point_estimate":-0.0683015202168763,"standard_error":0.028677925926481194}}