{"mean":{"confidence_interval":{"confidence_level":0.95,"lower_bound":-0.07048903216576738,"upper_bound":0.009171445817007044},"point_estimate":-0.032055776511270784,"standard_error":0.0204013279265377},"median":{"confidence_interval":{"confidence_level":0.95,"lower_bound":-0.1101025744377021,"upper_bound":0.014766103070591993},"point_estimate":-0.04366937363631129,"standard_error":0.03138248121301005}}