{"mean":{"confidence_interval":{"confidence_level":0.95,"lower_bound":-0.016210137305051858,"upper_bound":0.005057844958435907},"point_estimate":-0.005723427473720899,"standard_error":0.005431245169383279},"median":{"confidence_interval":{"confidence_level":0.95,"lower_bound":-0.02101838124671307,"upper_bound":0.015339322878389572},"point_estimate":0.00022068445716350027,"standard_error":0.00907393808715679}}