{"mean":{"confidence_interval":{"confidence_level":0.95,"lower_bound":0.08061356214381152,"upper_bound":0.15206628198666833},"point_estimate":0.11497372050679355,"standard_error":0.01819036331884524},"median":{"confidence_interval":{"confidence_level":0.95,"lower_bound":0.07741214325589807,"upper_bound":0.1346798972489145},"point_estimate":0.10803252636132066,"standard_error":0.01451776969100165}}