{"mean":{"confidence_interval":{"confidence_level":0.95,"lower_bound":0.03494477932948901,"upper_bound":0.06953233393024871},"point_estimate":0.05185651808506253,"standard_error":0.008731371155941173},"median":{"confidence_interval":{"confidence_level":0.95,"lower_bound":0.026728276656044603,"upper_bound":0.06633453007826762},"point_estimate":0.04015086584890937,"standard_error":0.010784118653286922}}