{"mean":{"confidence_interval":{"confidence_level":0.95,"lower_bound":-0.12698177557871154,"upper_bound":-0.05300847470596064},"point_estimate":-0.08965934001388343,"standard_error":0.018842067077054745},"median":{"confidence_interval":{"confidence_level":0.95,"lower_bound":-0.11760956508113418,"upper_bound":-0.02454015028566059},"point_estimate":-0.0749397769472594,"standard_error":0.024108293566214408}}