{"mean":{"confidence_interval":{"confidence_level":0.95,"lower_bound":0.008611295156090267,"upper_bound":0.04370916010716101},"point_estimate":0.02578682157800083,"standard_error":0.008982814278957295},"median":{"confidence_interval":{"confidence_level":0.95,"lower_bound":0.008535423586937263,"upper_bound":0.03619627400705672},"point_estimate":0.02325355005897456,"standard_error":0.006720544734212509}}