{"mean":{"confidence_interval":{"confidence_level":0.95,"lower_bound":181485.08118778587,"upper_bound":186932.05386256115},"point_estimate":184115.639123328,"standard_error":1398.513559011934},"median":{"confidence_interval":{"confidence_level":0.95,"lower_bound":180048.26911764708,"upper_bound":186365.23333333334},"point_estimate":182306.91428571427,"standard_error":1653.5902841889394},"median_abs_dev":{"confidence_interval":{"confidence_level":0.95,"lower_bound":2547.8461859431623,"upper_bound":9457.810865719697},"point_estimate":5151.30708672784,"standard_error":1720.5793333485003},"slope":{"confidence_interval":{"confidence_level":0.95,"lower_bound":179784.93987458502,"upper_bound":183544.40639932847},"point_estimate":181526.5018815331,"standard_error":967.1487855529738},"std_dev":{"confidence_interval":{"confidence_level":0.95,"lower_bound":4130.694279873639,"upper_bound":7924.80006104971},"point_estimate":6450.83138438099,"standard_error":963.987180609199}}