{"mean":{"confidence_interval":{"confidence_level":0.95,"lower_bound":0.011626292554439872,"upper_bound":0.034795770161672596},"point_estimate":0.02361004580283743,"standard_error":0.0059075448709262415},"median":{"confidence_interval":{"confidence_level":0.95,"lower_bound":0.01483371485671013,"upper_bound":0.027877999575734114},"point_estimate":0.022419146538059875,"standard_error":0.003232625117354142}}