{"mean":{"confidence_interval":{"confidence_level":0.95,"lower_bound":-0.009284306656601949,"upper_bound":0.06327654959516563},"point_estimate":0.025235869986108384,"standard_error":0.018589368551429664},"median":{"confidence_interval":{"confidence_level":0.95,"lower_bound":-0.019282471094292486,"upper_bound":0.047799484197295294},"point_estimate":0.013194444623541024,"standard_error":0.01730189002559838}}