{"mean":{"confidence_interval":{"confidence_level":0.95,"lower_bound":-0.0021613048023831666,"upper_bound":0.05360998135862215},"point_estimate":0.020461309520940052,"standard_error":0.01500156051887714},"median":{"confidence_interval":{"confidence_level":0.95,"lower_bound":-0.0064856702225802865,"upper_bound":0.008633416002610472},"point_estimate":-0.0001447057416017472,"standard_error":0.0037687166054229866}}