{"mean":{"confidence_interval":{"confidence_level":0.95,"lower_bound":0.007334880785244191,"upper_bound":0.030257824425367494},"point_estimate":0.01903338644121111,"standard_error":0.005859780295048787},"median":{"confidence_interval":{"confidence_level":0.95,"lower_bound":0.013962745537855703,"upper_bound":0.03724343217937265},"point_estimate":0.030392431915138518,"standard_error":0.006258853740586667}}