{"mean":{"confidence_interval":{"confidence_level":0.95,"lower_bound":-0.028692992411690512,"upper_bound":-0.009887003758492148},"point_estimate":-0.01933758674971009,"standard_error":0.004812167780788643},"median":{"confidence_interval":{"confidence_level":0.95,"lower_bound":-0.01977196778243706,"upper_bound":-0.008701584310528032},"point_estimate":-0.014236863384796128,"standard_error":0.0026829212643803913}}