{"mean":{"confidence_interval":{"confidence_level":0.95,"lower_bound":-0.04820547892277828,"upper_bound":-0.0032841394359822557},"point_estimate":-0.026300164734646803,"standard_error":0.011520447182428529},"median":{"confidence_interval":{"confidence_level":0.95,"lower_bound":-0.057057384336628325,"upper_bound":0.008314027938731261},"point_estimate":-0.022212241614769868,"standard_error":0.016261648581608987}}