{"mean":{"confidence_interval":{"confidence_level":0.95,"lower_bound":-0.03598288299580524,"upper_bound":0.013550841949702425},"point_estimate":-0.010917699032849337,"standard_error":0.012684982248606556},"median":{"confidence_interval":{"confidence_level":0.95,"lower_bound":-0.028805042278208348,"upper_bound":0.003232071518765922},"point_estimate":-0.011091058558409195,"standard_error":0.00785596042526715}}