{"mean":{"confidence_interval":{"confidence_level":0.95,"lower_bound":-0.06169818516474748,"upper_bound":-0.001971509572625359},"point_estimate":-0.03439346695559553,"standard_error":0.015058773448943444},"median":{"confidence_interval":{"confidence_level":0.95,"lower_bound":-0.058533452323417556,"upper_bound":-0.008267707660312262},"point_estimate":-0.031203858305394072,"standard_error":0.014349227623098936}}