{"mean":{"confidence_interval":{"confidence_level":0.95,"lower_bound":-0.0021541461224402403,"upper_bound":0.076247558278821},"point_estimate":0.0330113247476842,"standard_error":0.020479113901751722},"median":{"confidence_interval":{"confidence_level":0.95,"lower_bound":-0.04225618003413811,"upper_bound":0.029065130019700236},"point_estimate":-0.01622884294459126,"standard_error":0.01889306128429274}}