{"mean":{"confidence_interval":{"confidence_level":0.95,"lower_bound":-0.03438899499536934,"upper_bound":0.0057749786470925905},"point_estimate":-0.014903140494087697,"standard_error":0.010173527412547187},"median":{"confidence_interval":{"confidence_level":0.95,"lower_bound":-0.04931564886203921,"upper_bound":0.003843999338283499},"point_estimate":-0.017845232824489687,"standard_error":0.01306923124596992}}