{"mean":{"confidence_interval":{"confidence_level":0.95,"lower_bound":0.00012640127214276858,"upper_bound":0.025531543108032958},"point_estimate":0.01262891029050861,"standard_error":0.006461538161262667},"median":{"confidence_interval":{"confidence_level":0.95,"lower_bound":-0.00022767506885013056,"upper_bound":0.022934831028421643},"point_estimate":0.01365564585824397,"standard_error":0.005521752995247717}}