{"mean":{"confidence_interval":{"confidence_level":0.95,"lower_bound":863.9437167319232,"upper_bound":868.566053393439},"point_estimate":866.271053610434,"standard_error":1.1763269064371051},"median":{"confidence_interval":{"confidence_level":0.95,"lower_bound":865.1230502599653,"upper_bound":868.9103119584056},"point_estimate":867.2528993851049,"standard_error":0.8892331173786737},"median_abs_dev":{"confidence_interval":{"confidence_level":0.95,"lower_bound":7.6506015778981915,"upper_bound":12.767464793860487},"point_estimate":9.410247977846852,"standard_error":1.303756974761179},"slope":{"confidence_interval":{"confidence_level":0.95,"lower_bound":867.6544547315959,"upper_bound":872.2910344454172},"point_estimate":869.9383036599012,"standard_error":1.1810368585397888},"std_dev":{"confidence_interval":{"confidence_level":0.95,"lower_bound":9.822681244000842,"upper_bound":13.495689399741753},"point_estimate":11.770830249106552,"standard_error":0.9383479316663801}}