{"mean":{"confidence_interval":{"confidence_level":0.95,"lower_bound":107866.31890867725,"upper_bound":111513.16595838172},"point_estimate":109597.2196793628,"standard_error":930.7333933198817},"median":{"confidence_interval":{"confidence_level":0.95,"lower_bound":106608.76924001923,"upper_bound":110525.32679738561},"point_estimate":108778.35168595247,"standard_error":847.8420653872487},"median_abs_dev":{"confidence_interval":{"confidence_level":0.95,"lower_bound":3986.4382187002516,"upper_bound":7541.056398210236},"point_estimate":6037.996232453441,"standard_error":890.5395283084983},"slope":{"confidence_interval":{"confidence_level":0.95,"lower_bound":107610.95127313297,"upper_bound":110887.94517851705},"point_estimate":109272.48569856986,"standard_error":832.4457825018311},"std_dev":{"confidence_interval":{"confidence_level":0.95,"lower_bound":4495.266966413935,"upper_bound":8843.882973633778},"point_estimate":6657.004603066555,"standard_error":1166.0111992278567}}