{"mean":{"confidence_interval":{"confidence_level":0.95,"lower_bound":-0.038518513503722554,"upper_bound":-0.022227800311414466},"point_estimate":-0.030746094987481043,"standard_error":0.00414904830708154},"median":{"confidence_interval":{"confidence_level":0.95,"lower_bound":-0.03991745927925239,"upper_bound":-0.02136563282280446},"point_estimate":-0.03313697895062362,"standard_error":0.004094713820799515}}