{"mean":{"confidence_interval":{"confidence_level":0.95,"lower_bound":-0.14168284197622266,"upper_bound":-0.07119904498957072},"point_estimate":-0.10494732221015235,"standard_error":0.018023328600358074},"median":{"confidence_interval":{"confidence_level":0.95,"lower_bound":-0.06515446442074824,"upper_bound":-0.03225490722858826},"point_estimate":-0.04804790146409632,"standard_error":0.0080800834332124}}