{"mean":{"confidence_interval":{"confidence_level":0.95,"lower_bound":-0.0737006816524604,"upper_bound":-0.016716314585653164},"point_estimate":-0.04520391926652756,"standard_error":0.014494277138147599},"median":{"confidence_interval":{"confidence_level":0.95,"lower_bound":-0.06575042956237676,"upper_bound":-0.012844579738308215},"point_estimate":-0.0375254173662487,"standard_error":0.013409790097127023}}