{"mean":{"confidence_interval":{"confidence_level":0.95,"lower_bound":-0.020122798280087964,"upper_bound":-0.008329103576797487},"point_estimate":-0.014580820366366098,"standard_error":0.003001060186798342},"median":{"confidence_interval":{"confidence_level":0.95,"lower_bound":-0.021231518622820578,"upper_bound":-0.011108595950229838},"point_estimate":-0.015575314384864591,"standard_error":0.002528295768764602}}