{"mean":{"confidence_interval":{"confidence_level":0.95,"lower_bound":-0.02167467111748421,"upper_bound":0.0382275461466324},"point_estimate":0.007764839651170474,"standard_error":0.01543229957966028},"median":{"confidence_interval":{"confidence_level":0.95,"lower_bound":-0.029134272567266306,"upper_bound":0.06024908398097506},"point_estimate":0.01800277794535332,"standard_error":0.023045385385922223}}