{"mean":{"confidence_interval":{"confidence_level":0.95,"lower_bound":-0.016608606867502148,"upper_bound":0.0103774694088552},"point_estimate":-0.0030512019898257803,"standard_error":0.006906231707765099},"median":{"confidence_interval":{"confidence_level":0.95,"lower_bound":-0.020456652448107016,"upper_bound":0.006884366638758355},"point_estimate":-0.00414133258053162,"standard_error":0.00711053999538502}}