{"mean":{"confidence_interval":{"confidence_level":0.95,"lower_bound":0.09764811931499444,"upper_bound":0.11168547301724355},"point_estimate":0.10478873842375536,"standard_error":0.0035814774584538548},"median":{"confidence_interval":{"confidence_level":0.95,"lower_bound":0.10013179492251711,"upper_bound":0.11139158060374954},"point_estimate":0.10675250496738986,"standard_error":0.0027798603429028484}}