{"mean":{"confidence_interval":{"confidence_level":0.95,"lower_bound":0.003880129802625625,"upper_bound":0.027388698387367755},"point_estimate":0.015798431698808013,"standard_error":0.005991001295196495},"median":{"confidence_interval":{"confidence_level":0.95,"lower_bound":0.0069124193348470975,"upper_bound":0.03388604479728241},"point_estimate":0.020320978687855984,"standard_error":0.006691093084511553}}