{"mean":{"confidence_interval":{"confidence_level":0.95,"lower_bound":-0.08692381777675669,"upper_bound":-0.058121560795494555},"point_estimate":-0.07264414200453695,"standard_error":0.007359706483881396},"median":{"confidence_interval":{"confidence_level":0.95,"lower_bound":-0.08190028031032692,"upper_bound":-0.0643125299842986},"point_estimate":-0.0732105522504628,"standard_error":0.004131418386076938}}