{"mean":{"confidence_interval":{"confidence_level":0.95,"lower_bound":-0.0649757553765694,"upper_bound":-0.03712643966530709},"point_estimate":-0.05116930389902696,"standard_error":0.007082167080347155},"median":{"confidence_interval":{"confidence_level":0.95,"lower_bound":-0.06755580164150599,"upper_bound":-0.03711545189823928},"point_estimate":-0.04899691364528369,"standard_error":0.008070768555576183}}