{"mean":{"confidence_interval":{"confidence_level":0.95,"lower_bound":-0.00010877855686802414,"upper_bound":0.03386406716048539},"point_estimate":0.01750945704025675,"standard_error":0.008671799771168826},"median":{"confidence_interval":{"confidence_level":0.95,"lower_bound":0.007523185874318994,"upper_bound":0.02887196598593178},"point_estimate":0.017824968423601817,"standard_error":0.005561564021841946}}