{"mean":{"confidence_interval":{"confidence_level":0.95,"lower_bound":-0.0707611792039315,"upper_bound":0.029524278386449436},"point_estimate":-0.010913844614673152,"standard_error":0.027468579834649495},"median":{"confidence_interval":{"confidence_level":0.95,"lower_bound":-0.005650219195143302,"upper_bound":0.013972059190996866},"point_estimate":0.0029353577485129456,"standard_error":0.004629932181048438}}