{"mean":{"confidence_interval":{"confidence_level":0.95,"lower_bound":-0.028355310582999383,"upper_bound":-0.006991325061663021},"point_estimate":-0.01811319644628495,"standard_error":0.005431524854911531},"median":{"confidence_interval":{"confidence_level":0.95,"lower_bound":-0.02645876633083566,"upper_bound":-0.013043165492936382},"point_estimate":-0.018461307222153,"standard_error":0.0033487062184461855}}