{"mean":{"confidence_interval":{"confidence_level":0.95,"lower_bound":-0.020840625711905886,"upper_bound":-0.0067468342907845555},"point_estimate":-0.014072787101183981,"standard_error":0.003583295496128055},"median":{"confidence_interval":{"confidence_level":0.95,"lower_bound":-0.02315713599477778,"upper_bound":-0.012315028215354462},"point_estimate":-0.017411961613311044,"standard_error":0.0029307331416306972}}