{"mean":{"confidence_interval":{"confidence_level":0.95,"lower_bound":-0.033489319337923776,"upper_bound":0.020951005647617944},"point_estimate":-0.009933297218647552,"standard_error":0.014415976450245636},"median":{"confidence_interval":{"confidence_level":0.95,"lower_bound":-0.036971218898686375,"upper_bound":-0.004920816065681177},"point_estimate":-0.025334838346560917,"standard_error":0.008370962044481072}}