{"mean":{"confidence_interval":{"confidence_level":0.95,"lower_bound":-0.04348124414132986,"upper_bound":0.06625960495499875},"point_estimate":-0.0010967440573185216,"standard_error":0.029020515349931372},"median":{"confidence_interval":{"confidence_level":0.95,"lower_bound":-0.03443580540791487,"upper_bound":-0.004508594401527399},"point_estimate":-0.021961304000478243,"standard_error":0.008175411984619744}}