{"mean":{"confidence_interval":{"confidence_level":0.95,"lower_bound":-0.060344529266784255,"upper_bound":0.03677890735253005},"point_estimate":-0.014981702245021045,"standard_error":0.02437198793488746},"median":{"confidence_interval":{"confidence_level":0.95,"lower_bound":-0.10709716633836641,"upper_bound":0.01727367799321966},"point_estimate":-0.04797006320095765,"standard_error":0.043927349397226916}}