{"mean":{"confidence_interval":{"confidence_level":0.95,"lower_bound":-0.02117990047341475,"upper_bound":0.002786860780447491},"point_estimate":-0.009161232565577104,"standard_error":0.0061195156174504595},"median":{"confidence_interval":{"confidence_level":0.95,"lower_bound":-0.020614329910709772,"upper_bound":-0.0005940474046521871},"point_estimate":-0.011052636061134824,"standard_error":0.0052327253895827425}}