{"mean":{"confidence_interval":{"confidence_level":0.95,"lower_bound":0.01610563526808035,"upper_bound":0.038239144093577954},"point_estimate":0.026987916518128152,"standard_error":0.005650240521830419},"median":{"confidence_interval":{"confidence_level":0.95,"lower_bound":0.0037622106968866476,"upper_bound":0.04345320395926833},"point_estimate":0.03215537824203274,"standard_error":0.012382312265658578}}