{"mean":{"confidence_interval":{"confidence_level":0.95,"lower_bound":-0.028651277571972916,"upper_bound":-0.004949079156057369},"point_estimate":-0.016975343674246246,"standard_error":0.0059997385708671965},"median":{"confidence_interval":{"confidence_level":0.95,"lower_bound":-0.03709562080698747,"upper_bound":-0.008664293005159158},"point_estimate":-0.023625169686026348,"standard_error":0.00722125684099615}}