{"mean":{"confidence_interval":{"confidence_level":0.95,"lower_bound":74779.34890753528,"upper_bound":77539.2174999221},"point_estimate":76144.59097833672,"standard_error":703.5441404012163},"median":{"confidence_interval":{"confidence_level":0.95,"lower_bound":73570.66326530612,"upper_bound":78469.82491714634},"point_estimate":76292.91851765255,"standard_error":1193.3304615491224},"median_abs_dev":{"confidence_interval":{"confidence_level":0.95,"lower_bound":4035.0855441264603,"upper_bound":7142.782187115852},"point_estimate":5708.592489601651,"standard_error":815.9761967366617},"slope":{"confidence_interval":{"confidence_level":0.95,"lower_bound":74006.3584267902,"upper_bound":77172.26152747658},"point_estimate":75595.56537862669,"standard_error":810.3320715337711},"std_dev":{"confidence_interval":{"confidence_level":0.95,"lower_bound":4172.541673576694,"upper_bound":5764.075688805977},"point_estimate":5029.370347508086,"standard_error":407.7904462124024}}