{"mean":{"confidence_interval":{"confidence_level":0.95,"lower_bound":-0.02895699229301301,"upper_bound":0.011937185275229571},"point_estimate":-0.008330764760580367,"standard_error":0.010401168169868642},"median":{"confidence_interval":{"confidence_level":0.95,"lower_bound":-0.016002152893915378,"upper_bound":0.0238546288465058},"point_estimate":0.004497544294558509,"standard_error":0.01029230375150762}}