{"mean":{"confidence_interval":{"confidence_level":0.95,"lower_bound":-0.030359846393844873,"upper_bound":-0.007997080044306269},"point_estimate":-0.019108165466734883,"standard_error":0.005687534103153875},"median":{"confidence_interval":{"confidence_level":0.95,"lower_bound":-0.02300335157960587,"upper_bound":-0.005563781349302355},"point_estimate":-0.012642713862259458,"standard_error":0.004482705866220035}}