{"mean":{"confidence_interval":{"confidence_level":0.95,"lower_bound":-0.017978260026690132,"upper_bound":0.02679363447753646},"point_estimate":0.004051385486119274,"standard_error":0.011429695943900675},"median":{"confidence_interval":{"confidence_level":0.95,"lower_bound":-0.0031589247284699398,"upper_bound":0.023985227699951928},"point_estimate":0.01099655963003876,"standard_error":0.0066943155721016605}}