{"mean":{"confidence_interval":{"confidence_level":0.95,"lower_bound":0.016468184920113833,"upper_bound":0.037593666059595084},"point_estimate":0.027063778296604113,"standard_error":0.0053528989524232575},"median":{"confidence_interval":{"confidence_level":0.95,"lower_bound":0.01760695246159294,"upper_bound":0.034826672279314685},"point_estimate":0.02482222027051284,"standard_error":0.00440887811359949}}