{"mean":{"confidence_interval":{"confidence_level":0.95,"lower_bound":-0.034024050098792606,"upper_bound":0.040465719535497296},"point_estimate":0.0019329214246053272,"standard_error":0.018881873208307427},"median":{"confidence_interval":{"confidence_level":0.95,"lower_bound":-0.05469972331683193,"upper_bound":0.054705615764619075},"point_estimate":0.0010027110254402505,"standard_error":0.0276087263472774}}