{"mean":{"confidence_interval":{"confidence_level":0.95,"lower_bound":0.006524278524702893,"upper_bound":0.01790577546275993},"point_estimate":0.012504827894363357,"standard_error":0.0028989627129154005},"median":{"confidence_interval":{"confidence_level":0.95,"lower_bound":0.009139516567099548,"upper_bound":0.017376002985774575},"point_estimate":0.014056661179219665,"standard_error":0.002155099909871501}}