{"mean":{"confidence_interval":{"confidence_level":0.95,"lower_bound":-0.02343502294682452,"upper_bound":0.01601222361809488},"point_estimate":-0.003488011115214351,"standard_error":0.0100904090113091},"median":{"confidence_interval":{"confidence_level":0.95,"lower_bound":-0.007557171326877541,"upper_bound":0.03700056340670321},"point_estimate":0.01171956508125227,"standard_error":0.011482525377186635}}