{"mean":{"confidence_interval":{"confidence_level":0.95,"lower_bound":-0.02522659617532261,"upper_bound":-0.010846616150615194},"point_estimate":-0.018148729851611423,"standard_error":0.003639746293324341},"median":{"confidence_interval":{"confidence_level":0.95,"lower_bound":-0.023763289114361874,"upper_bound":-0.008396860666914585},"point_estimate":-0.017159504731181774,"standard_error":0.003848773733904509}}